customerID,Probabilidad_Churn_XGBoost,Probabilidad_Churn_RF,Riesgo_Churn_XGBoost,Riesgo_Churn_RF
9692-TUSXH,0.56467974,0.47,1,0
2005-DWQZJ,0.00031876448,0.0,0,0
6683-VLCTZ,0.90377986,0.8,1,1
5495-GPSRW,0.005341877,0.02,0,0
1106-HRLKZ,0.00064914674,0.0,0,0
8024-XNAFQ,0.0044922815,0.05,0,0
1023-BQXZE,0.0017944742,0.05,0,0
4903-UYAVB,0.012032022,0.06,0,0
2223-KAGMX,0.027036877,0.17,0,0
7729-XBTWX,0.008177369,0.01,0,0
0516-UXRMT,0.055053145,0.13,0,0
4983-CCWMC,0.49363482,0.5,0,0
0733-VUNUW,0.09936128,0.19,0,0
0233-FTHAV,0.02274444,0.21,0,0
9048-JVYVF,0.1810209,0.43,0,0
3858-VOBET,0.51506865,0.48,1,0
5334-AFQJB,0.00035972017,0.03,0,0
8780-RSYYU,0.009244431,0.03,0,0
5889-JTMUL,0.65533614,0.43,1,0
5893-KCLGT,0.00077818276,0.0,0,0
7816-VGHTO,0.010130015,0.12,0,0
0404-SWRVG,0.78328085,0.77,1,1
4464-JCOLN,0.04875666,0.03,0,0
9351-HXDMR,0.009337488,0.11,0,0
5302-BDJNT,0.3539833,0.28,0,0
2632-TACXW,0.0006754958,0.0,0,0
0625-AFOHS,0.0004130309,0.0,0,0
4884-ZTHVF,0.5675251,0.63,1,1
8086-OVPWV,0.6448933,0.72,1,1
0748-RDGGM,0.22531894,0.22,0,0
2272-WUSPA,0.01637665,0.09,0,0
0056-EPFBG,0.000794121,0.06,0,0
6317-YPKDH,0.3646725,0.34,0,0
1925-LFCZZ,0.05537047,0.14,0,0
6075-QMNRR,0.03075127,0.08,0,0
1845-ZLLIG,0.49008083,0.54,0,1
2773-MADBQ,0.0053991,0.03,0,0
9274-UARKJ,0.56140274,0.4,1,0
3923-CSIHK,0.30754116,0.37,0,0
9717-IOAAF,0.015665097,0.04,0,0
7013-PSXHK,0.17999871,0.12,0,0
6080-LNESI,0.0027460991,0.0,0,0
0870-VEMYL,0.28601208,0.24,0,0
6372-RFVNS,0.98520297,0.79,1,1
8003-EWNDZ,0.18824585,0.08,0,0
9979-RGMZT,0.6290015,0.37,1,0
1226-IENZN,0.4202882,0.37,0,0
3757-NJYBX,0.14668326,0.2,0,0
6486-LHTMA,0.18633133,0.29,0,0
6893-ODYYE,0.021835612,0.08,0,0
2878-DHMIN,0.01341668,0.0,0,0
2673-ZALNP,0.063203104,0.06,0,0
1100-DDVRV,0.47225457,0.41,0,0
0422-UXFAP,0.112059005,0.17,0,0
8361-LTMKD,0.74302226,0.85,1,1
7892-QVYKW,0.10578138,0.36,0,0
8621-MNIHH,0.43523228,0.5,0,0
8587-XYZSF,0.003442508,0.09,0,0
6418-HNFED,0.0013346405,0.01,0,0
9108-EQPNQ,0.009994383,0.03,0,0
3027-YNWZU,0.0021049348,0.0,0,0
4927-WWOOZ,0.9506943,0.76,1,1
8711-LOBKY,0.010922961,0.0,0,0
6048-QBXKL,0.58319527,0.49,1,0
3392-EHMNK,0.111985475,0.04,0,0
0707-HOVVN,0.0574943,0.07,0,0
7205-BAIAD,0.001542501,0.0,0,0
5213-TWWJU,0.05768267,0.16,0,0
2055-PDADH,0.47857347,0.65,0,1
7748-UMTRK,0.48836583,0.54,0,1
9278-VZKCD,0.35460764,0.4,0,0
4737-HOBAX,0.0031804678,0.02,0,0
1622-HSHSF,0.7492649,0.39,1,0
7560-QJAVJ,0.0039919917,0.0,0,0
3812-LRZIR,0.0031656527,0.01,0,0
9822-BIIGN,0.050251696,0.09,0,0
3422-WJOYD,0.008784359,0.03,0,0
6034-YMTOB,0.19621046,0.51,0,1
1335-MXCSE,0.0076644816,0.04,0,0
6258-PVZWJ,0.0064982176,0.01,0,0
9838-BFCQT,0.00014575427,0.0,0,0
2257-BOVXD,0.1839152,0.24,0,0
9330-DHBFL,0.19563007,0.07,0,0
4627-MIHJH,0.21453294,0.11,0,0
0463-WZZKO,0.13042234,0.08,0,0
1179-INLAT,0.01865835,0.02,0,0
5353-WILCI,0.1773315,0.22,0,0
5845-BZZIB,0.00078543235,0.0,0,0
9357-UJRUN,0.053001862,0.18,0,0
4742-TXUEX,0.0008222551,0.0,0,0
6845-RGTYS,0.37291068,0.38,0,0
7636-PEPNS,0.040589202,0.07,0,0
5766-ZJYBB,0.29081252,0.22,0,0
4024-CSNBY,0.008412508,0.03,0,0
2159-TURXX,0.08126513,0.06,0,0
8840-DQLGN,0.049499698,0.29,0,0
6497-TILVL,0.09698375,0.13,0,0
9117-SHLZX,0.7449974,0.49,1,0
4412-YLTKF,0.4720909,0.49,0,0
9840-DVNDC,0.61785144,0.64,1,1
4830-FAXFM,0.22503398,0.05,0,0
1555-HAPSU,0.0001355752,0.0,0,0
2649-HWLYB,0.072959706,0.05,0,0
8566-YPRGL,0.7492649,0.39,1,0
1820-TQVEV,0.9566324,0.91,1,1
8707-HOEDG,0.3098026,0.19,0,0
1261-FWTTE,0.45366427,0.41,0,0
9722-UJOJR,0.29462636,0.48,0,0
2926-JEJJC,0.11690668,0.12,0,0
8573-JGCZW,0.08642675,0.04,0,0
7426-WEIJX,0.0966268,0.31,0,0
0463-ZSDNT,0.13622667,0.35,0,0
3374-LXDEV,0.7439625,0.4,1,0
5338-YHWYT,0.0063462607,0.02,0,0
1482-OXZSY,0.21043083,0.5,0,0
3190-XFANI,0.09183933,0.23,0,0
1955-IBMMB,0.024750138,0.0,0,0
6627-CFOSN,0.12600578,0.27,0,0
1401-FTHFQ,0.00483209,0.02,0,0
8457-XIGKN,0.08466746,0.02,0,0
6685-GBWJZ,0.02176107,0.04,0,0
3587-PMCOY,0.6090455,0.58,1,1
9866-QEVEE,0.34348953,0.48,0,0
8749-CLJXC,0.20291735,0.29,0,0
0328-GRPMV,0.7341999,0.77,1,1
7623-TRNQN,0.39304197,0.44,0,0
7216-KAOID,0.0015900861,0.0,0,0
3148-BLQJT,0.4570741,0.32,0,0
4712-AUQZO,0.10387926,0.13,0,0
5868-YTYKS,0.16957843,0.24,0,0
1136-XGEQU,0.020344162,0.07,0,0
5519-TEEUH,0.0034934164,0.02,0,0
8231-BSWXX,0.00332215,0.12,0,0
5759-RCVCB,0.4231984,0.36,0,0
5524-KHNJP,0.08751953,0.14,0,0
8714-EUHJO,0.3476576,0.29,0,0
8008-HAWED,0.49695003,0.55,0,1
3334-CTHOL,0.25407273,0.39,0,0
9444-JTXHZ,0.9518965,0.62,1,1
9950-MTGYX,0.0001150653,0.0,0,0
1400-MMYXY,0.90166163,0.81,1,1
9758-MFWGD,0.08810649,0.26,0,0
0147-ESWWR,0.49096602,0.52,0,1
6891-JPYFF,0.14072326,0.24,0,0
0013-MHZWF,0.29799214,0.38,0,0
6234-RAAPL,0.0014337554,0.05,0,0
2227-JRSJX,0.68611777,0.43,1,0
5081-NWSUP,0.285751,0.18,0,0
4072-IPYLT,0.040577915,0.07,0,0
5816-SCGFC,0.25579235,0.37,0,0
7209-JCUDS,0.851719,0.77,1,1
2057-ZBLPD,0.5228346,0.5,1,0
4360-PNRQB,0.14844076,0.28,0,0
5696-CEIQJ,0.048815373,0.09,0,0
0058-EVZWM,0.035251956,0.19,0,0
2439-LYPMQ,0.6020945,0.59,1,1
6481-ESCNL,0.28206968,0.26,0,0
8718-PTMEZ,0.2911714,0.24,0,0
2606-RMDHZ,0.15476775,0.28,0,0
9518-IMLHK,0.0493962,0.08,0,0
4667-OHGKG,0.20405488,0.29,0,0
9648-BCHKM,0.005249242,0.01,0,0
1200-TUZHR,0.8960774,0.71,1,1
9279-CJEOJ,0.64469683,0.73,1,1
1319-YLZJG,0.28596064,0.5,0,0
6711-VTNRE,0.21647634,0.19,0,0
0719-SYFRB,0.023752017,0.14,0,0
3472-OAOOR,0.07672715,0.14,0,0
7488-MXJIV,0.73627806,0.78,1,1
2911-IJORQ,0.009012197,0.08,0,0
4570-QHXHL,0.50762695,0.54,1,1
4623-ZKHLY,0.007231343,0.03,0,0
8671-KKKOS,0.13459785,0.14,0,0
4829-AUOAX,0.32888246,0.2,0,0
8033-VCZGH,0.13060915,0.22,0,0
4558-FANTW,0.44467086,0.34,0,0
6857-TKDJV,0.00051239,0.0,0,0
1716-LSAMB,0.0020323328,0.03,0,0
8853-TZDGH,0.0015398134,0.04,0,0
3866-MDTUB,0.74305546,0.45,1,0
5917-RYRMG,0.005705731,0.01,0,0
9365-CSLBQ,7.889338e-05,0.0,0,0
1862-SKORY,0.2169901,0.24,0,0
5318-YKDPV,0.001244,0.07,0,0
2853-CWQFQ,0.5919329,0.45,1,0
2501-XWWTZ,0.085724875,0.33,0,0
8988-ECPJR,0.3624993,0.24,0,0
3957-SQXML,0.011023454,0.0,0,0
8780-IXSTS,0.8830223,0.64,1,1
8000-REIQB,0.85998565,0.77,1,1
4335-UPJSI,0.004644958,0.0,0,0
5167-ZFFMM,0.9546299,0.77,1,1
6077-BDPXA,0.39818507,0.43,0,0
9611-CTWIH,0.5135358,0.68,1,1
5692-FPTAH,0.55534196,0.29,1,0
3638-WEABW,0.0030531571,0.05,0,0
6158-HDPXZ,0.8051755,0.52,1,1
2862-JVEOY,0.0013427122,0.0,0,0
1024-GUALD,0.76747465,0.65,1,1
7395-XWZOY,0.23133306,0.19,0,0
2320-TZRRH,0.025565494,0.0,0,0
7586-ZATGZ,0.5501272,0.4,1,0
8083-YTZES,0.78328085,0.73,1,1
3836-FZSDJ,0.0005121595,0.0,0,0
2480-SQIOB,0.3107952,0.29,0,0
0679-IDSTG,0.97935826,0.82,1,1
2027-FECZV,0.6287231,0.67,1,1
9972-NKTFD,0.08043854,0.07,0,0
3926-YZVVX,0.06124595,0.11,0,0
8107-KNCIM,0.85126334,0.76,1,1
8976-OQHGT,0.12859313,0.19,0,0
2220-IAHLS,0.07410325,0.04,0,0
0230-UBYPQ,0.004948662,0.15,0,0
9720-JJJOR,0.05513716,0.05,0,0
7572-KPVKK,0.08698794,0.29,0,0
1697-LYYYX,0.00034541436,0.0,0,0
1536-YHDOE,0.037701216,0.04,0,0
9888-ZCUMM,0.002927265,0.03,0,0
6899-PPEEA,0.8316884,0.64,1,1
3120-FAZKD,0.0025568013,0.01,0,0
1169-WCVAK,0.21178322,0.2,0,0
5236-XMZJY,0.083570145,0.13,0,0
6461-PPAXN,0.0091072405,0.09,0,0
2419-FSORS,0.5554967,0.11,1,0
7762-ONLJY,0.03447852,0.08,0,0
7817-OMJNA,0.007083649,0.04,0,0
9824-QCJPK,0.0059333076,0.0,0,0
1929-ZCBHE,0.014819446,0.06,0,0
0310-VQXAM,0.082586035,0.14,0,0
3717-FDJFU,0.00092787767,0.0,0,0
2386-LAHRK,0.71578735,0.6,1,1
4700-UBQMV,0.011068094,0.12,0,0
9763-PDTKK,0.466777,0.71,0,1
0742-LAFQK,0.011026433,0.05,0,0
0524-IAVZO,0.61936903,0.53,1,1
7129-ACFOG,0.44380298,0.32,0,0
6680-WKXRZ,0.53157127,0.7,1,1
1442-BQPVU,0.15182972,0.24,0,0
4002-BQWPQ,0.06432607,0.07,0,0
1550-EENBN,0.15680884,0.23,0,0
1574-DYCWE,0.0016150277,0.0,0,0
0310-MVLET,0.21083969,0.26,0,0
1206-EHBDD,0.022160687,0.13,0,0
8132-YPVBX,0.8925317,0.62,1,1
0504-HHAPI,0.3180948,0.23,0,0
3097-IDVPU,0.17357737,0.11,0,0
4560-WQAQW,0.004345193,0.03,0,0
7410-KTVFV,0.2624723,0.15,0,0
9054-FOWNV,0.61010444,0.5,1,0
0742-MOABM,0.60867536,0.33,1,0
5630-AHZIL,0.241821,0.42,0,0
5578-NKCXI,0.05968097,0.19,0,0
5760-FXFVO,0.67620134,0.49,1,0
6128-AQBMT,0.5893739,0.24,1,0
9780-FKVVF,0.07766227,0.26,0,0
1227-UDMZR,0.00067749957,0.01,0,0
8701-DGLVH,0.0026796474,0.01,0,0
2758-RNWXS,0.018923512,0.23,0,0
8780-IHCRN,0.00038729794,0.01,0,0
5753-QQWPW,0.052759115,0.07,0,0
0301-FIDRB,0.0007646428,0.0,0,0
2250-IVBWA,0.09953052,0.12,0,0
2346-LOCWC,0.0011418663,0.0,0,0
3340-QBBFM,0.017262762,0.07,0,0
5930-GBIWP,0.0009938201,0.06,0,0
9548-LERKT,0.000943324,0.01,0,0
6328-ZPBGN,0.631579,0.86,1,1
4581-LNWUM,0.4395235,0.36,0,0
5934-TSSAU,0.20024188,0.16,0,0
7677-SJJJK,0.020880083,0.06,0,0
7814-LEEVE,0.56286,0.4,1,0
3887-PBQAO,0.01489347,0.01,0,0
4547-FZJWE,0.041693244,0.16,0,0
7018-WBJNK,0.2895381,0.45,0,0
0899-LIIBW,0.21102302,0.36,0,0
5440-VHLUL,0.56503206,0.39,1,0
7495-OOKFY,0.7395859,0.6,1,1
4237-RLAQD,0.7449974,0.47,1,0
7501-VTYLJ,0.39963305,0.41,0,0
1322-AGOQM,0.31999573,0.21,0,0
9968-FFVVH,0.0025900835,0.03,0,0
9143-CANJF,0.058325145,0.13,0,0
3363-DTIVD,0.073868506,0.13,0,0
8623-ULFNQ,0.15905957,0.34,0,0
9139-WQQDY,0.023404693,0.12,0,0
8433-WPJTV,0.10748019,0.21,0,0
0440-UEDAI,0.11409178,0.18,0,0
4067-HLYQI,0.59947413,0.48,1,0
6857-VWJDT,0.7926689,0.71,1,1
9112-WSNPU,0.8189287,0.3,1,0
2266-FUBDZ,0.0013117727,0.01,0,0
7167-PCEYD,0.009595916,0.03,0,0
1302-UHBDD,0.531289,0.46,1,0
0654-HMSHN,0.15170707,0.33,0,0
7789-CRUVC,0.08054955,0.09,0,0
2608-BHKFN,0.49890715,0.53,0,1
7795-CFOCW,0.0027266068,0.05,0,0
1320-REHCS,0.7899434,0.41,1,0
7503-EPSZW,0.00017236173,0.01,0,0
4468-YDOVK,0.19768868,0.46,0,0
5438-QMDDL,0.20310356,0.18,0,0
8414-MYSHR,0.85293335,0.78,1,1
5129-JLPIS,0.5366075,0.49,1,0
7808-DVWEP,0.11425568,0.18,0,0
7663-RGWBC,0.3761429,0.27,0,0
6568-POCUI,0.011185058,0.09,0,0
5893-PYOLZ,0.00092259014,0.01,0,0
4013-GUXND,0.4210214,0.37,0,0
0017-IUDMW,0.003487548,0.01,0,0
9537-JALFH,0.0012515414,0.0,0,0
9867-XOBQA,0.0030448532,0.06,0,0
7054-LGEQW,0.5552869,0.45,1,0
2162-FRZAA,0.0034821348,0.01,0,0
7321-ZNSLA,0.00085892185,0.06,0,0
6946-LMSQS,0.21106113,0.3,0,0
5196-SGOAK,0.8880951,0.83,1,1
0628-CNQRM,0.024156172,0.04,0,0
5568-DMXZS,0.26270667,0.23,0,0
0322-CHQRU,0.5014584,0.6,1,1
1049-FYSYG,0.4217662,0.16,0,0
8347-GDTMP,0.00090478855,0.0,0,0
2541-YGPKE,0.037312873,0.11,0,0
2208-MPXIO,0.00025620445,0.0,0,0
2452-KDRRH,0.7669936,0.5,1,0
0307-BCOPK,0.0021807565,0.0,0,0
1541-ETJZO,0.5440006,0.46,1,0
5609-CEBID,0.44901645,0.66,0,1
2207-RYYRL,0.0017911351,0.0,0,0
5480-HPRRX,0.87207425,0.58,1,1
1475-VWVDO,0.52822304,0.52,1,1
5122-CYFXA,0.39782017,0.38,0,0
8204-YJCLA,0.0013155318,0.03,0,0
0201-MIBOL,0.052650955,0.23,0,0
2202-CUYXZ,0.95965517,0.79,1,1
1360-JYXKQ,0.12889971,0.17,0,0
0363-QJVFX,0.06234209,0.23,0,0
4359-INNWN,0.029292023,0.03,0,0
7722-CVFXN,0.20154676,0.21,0,0
2075-PUEPR,0.023358453,0.02,0,0
6304-IJFSQ,0.53979176,0.52,1,1
0599-XNYDO,0.36530003,0.41,0,0
7881-EVUAD,0.5661209,0.6,1,1
9033-EOXWV,0.14910004,0.18,0,0
0123-CRBRT,0.00041272532,0.01,0,0
7277-OZCGZ,0.34218228,0.36,0,0
6134-KWTBV,0.0019398966,0.02,0,0
4631-OACRM,0.72729796,0.46,1,0
4701-AHWMW,0.0145800095,0.08,0,0
9122-UMROB,0.16925785,0.18,0,0
0732-OCQOC,0.0007902063,0.0,0,0
9040-KZVWO,0.07120494,0.09,0,0
9367-OIUXP,0.07936836,0.12,0,0
7180-PISOG,0.83782834,0.8,1,1
7666-WKRON,0.02482914,0.22,0,0
9327-QSDED,0.17597993,0.29,0,0
8213-TAZPM,0.07658219,0.09,0,0
3878-AVSOQ,0.7715314,0.85,1,1
0074-HDKDG,0.044179548,0.08,0,0
3062-ICYZQ,0.39863527,0.16,0,0
5366-OBVMR,0.15175751,0.21,0,0
5751-USDBL,0.0102846315,0.04,0,0
5240-CAOYT,0.01088871,0.09,0,0
7998-WNZEM,0.0003130247,0.0,0,0
2533-QVMSK,0.03247547,0.13,0,0
9334-GWGOW,0.80709165,0.78,1,1
9110-HSGTV,0.0041065076,0.0,0,0
1493-AMTIE,0.4919199,0.34,0,0
2368-GAKKQ,0.019300383,0.06,0,0
4947-DSMXK,0.61969674,0.24,1,0
5018-LXQQG,0.066789925,0.06,0,0
5485-ITNPC,0.0007182194,0.01,0,0
6060-QBMGV,0.00037442046,0.01,0,0
3973-SKMLN,0.00010899643,0.01,0,0
9313-QOLTZ,0.016929144,0.03,0,0
4521-WFJAI,0.07485721,0.04,0,0
2378-HTWFW,0.14583129,0.27,0,0
0730-KOAVE,0.36560056,0.3,0,0
9777-IQHWP,0.03994676,0.11,0,0
1927-QEWMY,2.8849357e-05,0.0,0,0
0685-MLYYM,0.6941479,0.67,1,1
8818-DOPVL,0.33113348,0.35,0,0
2430-RRYUW,0.0071638403,0.02,0,0
4054-CUMIA,0.06795137,0.05,0,0
0019-EFAEP,0.0017901208,0.07,0,0
6283-GITPX,0.00072569697,0.02,0,0
6542-LWGXJ,0.6109366,0.42,1,0
6776-TLWOI,0.33882254,0.08,0,0
2985-FMWYF,0.5185744,0.53,1,1
1471-GIQKQ,0.17183611,0.53,0,1
9483-GCPWE,0.06659435,0.02,0,0
6646-QVXLR,0.17092323,0.23,0,0
2187-LZGPL,0.12340828,0.29,0,0
4818-QIUFN,0.7639213,0.47,1,0
1926-QUZNN,0.00016005013,0.01,0,0
0959-WHOKV,0.16907796,0.18,0,0
8739-WWKDU,0.8488243,0.75,1,1
2203-GHNWN,0.38573003,0.3,0,0
0048-LUMLS,0.21858038,0.24,0,0
4686-GEFRM,0.013938247,0.1,0,0
0952-KMEEH,0.47833064,0.43,0,0
3649-JPUGY,0.00029687586,0.01,0,0
9388-ZEYVT,0.011101317,0.09,0,0
2400-FEQME,0.001650714,0.0,0,0
6874-SGLHU,0.07392327,0.28,0,0
4706-AXVKM,0.6899821,0.64,1,1
3580-GICBM,0.00013763284,0.0,0,0
2434-EEVDB,0.021288699,0.09,0,0
9624-EGDEQ,0.012753621,0.0,0,0
7010-ZMVBF,0.025855852,0.02,0,0
2055-SIFSS,0.10910466,0.14,0,0
4750-ZRXIU,0.9361854,0.94,1,1
6421-SZVEM,0.044021398,0.22,0,0
9701-CDXHR,0.14843178,0.19,0,0
5461-QKNTN,0.48712277,0.46,0,0
1271-UODNO,0.037309784,0.06,0,0
2087-QAREY,0.48847854,0.13,0,0
8628-MFKAX,0.006428855,0.0,0,0
4187-CINZD,0.016957395,0.2,0,0
5468-BPMMO,0.020947043,0.05,0,0
9039-RBEEE,0.023300938,0.12,0,0
6834-NXDCA,0.40669835,0.46,0,0
4670-TABXH,0.23933561,0.17,0,0
9860-LISIZ,0.017133102,0.05,0,0
9767-FFLEM,0.1836208,0.24,0,0
2277-DJJDL,0.51487356,0.44,1,0
0174-QRVVY,0.0007228763,0.0,0,0
1172-VIYBP,0.002493979,0.06,0,0
8993-PHFWD,0.4642345,0.53,0,1
1112-CUNAO,0.54696226,0.56,1,1
6651-AZVTJ,0.6864645,0.44,1,0
9286-DOJGF,0.6719002,0.42,1,0
3094-JOJAI,0.09932958,0.24,0,0
2522-AHJXR,0.14036922,0.17,0,0
7982-VCELR,0.13645227,0.28,0,0
8645-KOMJQ,0.0028118868,0.05,0,0
9909-DFRJA,0.06706962,0.23,0,0
4806-KEXQR,0.8194175,0.64,1,1
0581-BXBUB,0.34012586,0.37,0,0
9917-KWRBE,0.05147366,0.03,0,0
9167-APMXZ,0.4336769,0.47,0,0
1936-CZAKF,0.0107960645,0.13,0,0
4086-WITJG,0.00018910176,0.0,0,0
4674-HGNUA,0.0020636693,0.0,0,0
4098-NAUKP,0.4378243,0.4,0,0
2729-VNVAP,0.003990959,0.0,0,0
5178-LMXOP,0.8737515,0.84,1,1
7471-WNSUF,0.015062728,0.05,0,0
0390-DCFDQ,0.7960134,0.74,1,1
0471-ARVMX,0.18084733,0.21,0,0
6701-YVNQG,0.00040073713,0.0,0,0
3694-GLTJM,0.103270546,0.06,0,0
9907-SWKKF,0.8341865,0.6,1,1
3675-EQOZA,0.07477167,0.14,0,0
1644-IRKSF,0.23331304,0.37,0,0
6630-UJZMY,0.6902049,0.81,1,1
8234-GSZYK,0.017390927,0.01,0,0
6527-PZFPV,0.0070956894,0.02,0,0
8741-LQOBK,0.06135284,0.1,0,0
2398-YPMUR,0.42815045,0.39,0,0
2828-SLQPF,0.2872184,0.21,0,0
6175-IRFIT,0.5829666,0.6,1,1
4302-ZYFEL,0.0004571743,0.02,0,0
4468-KAZHE,0.27847445,0.28,0,0
0423-UDIJQ,0.23345402,0.41,0,0
8728-SKJLR,0.31033042,0.48,0,0
8161-QYMTT,0.9155365,0.89,1,1
8905-IAZPF,0.043538675,0.23,0,0
0616-ATFGB,0.94894004,0.69,1,1
7235-NXZCP,0.7469285,0.72,1,1
7750-EYXWZ,0.14231098,0.15,0,0
0537-QYZZN,0.53988236,0.45,1,0
4378-MYPGO,0.026555272,0.08,0,0
4208-UFFGW,0.54035664,0.6,1,1
0769-MURVM,0.0008764254,0.0,0,0
0106-UGRDO,0.01611362,0.03,0,0
0365-TRTPY,0.028867478,0.16,0,0
6910-HADCM,0.97035486,0.52,1,1
9644-UMGQA,0.49368286,0.4,0,0
5828-AVIPD,0.5379561,0.43,1,0
0298-XACET,0.0050875135,0.01,0,0
6032-KRXXO,0.32726404,0.45,0,0
2750-BJLSB,0.114841454,0.26,0,0
2868-LLSKM,0.039487574,0.11,0,0
6979-ZNSFF,0.82818127,0.87,1,1
3313-QKNKB,0.09082205,0.18,0,0
6121-TNHBO,0.0028061767,0.05,0,0
7883-ROJOC,0.086152226,0.15,0,0
3717-OEAUQ,0.5814071,0.66,1,1
9372-TXXPS,0.00097556284,0.02,0,0
4619-EVPHY,0.24534492,0.36,0,0
9962-BFPDU,0.2870126,0.34,0,0
8245-UMPYT,0.7004768,0.64,1,1
7854-EKTJL,0.0359711,0.19,0,0
5446-DKWYW,0.010174401,0.12,0,0
8158-WPEZG,0.23853788,0.26,0,0
5876-HZVZM,0.09148375,0.08,0,0
1705-GUHPV,0.00043590888,0.0,0,0
4654-ULTTN,0.18871647,0.01,0,0
4075-JFPGR,0.05779103,0.12,0,0
3247-ZVOUO,0.5885692,0.71,1,1
3707-LRWZD,0.106852286,0.2,0,0
2070-FNEXE,0.5396915,0.4,1,0
5825-XJOCM,0.035949957,0.08,0,0
6377-WHAOX,0.47009435,0.39,0,0
8699-ASUFO,0.89869183,0.87,1,1
1346-UFHAX,0.26550746,0.36,0,0
3716-BDVDB,0.9566324,0.88,1,1
2325-ZUSFD,0.0066403043,0.07,0,0
2696-ECXKC,0.05562826,0.07,0,0
0094-OIFMO,0.7862057,0.71,1,1
6345-FZOQH,0.0009839466,0.02,0,0
1194-HVAIF,0.35197905,0.23,0,0
9102-IAYHT,0.6737523,0.48,1,0
6119-SPUDB,0.0028681743,0.02,0,0
2839-RFSQE,0.108314134,0.05,0,0
2794-XIMMO,0.06872452,0.1,0,0
1016-DJTSV,0.40547988,0.46,0,0
8947-YRTDV,0.046109766,0.14,0,0
5062-CJJKH,0.1547726,0.09,0,0
8314-HTWVE,0.03398735,0.01,0,0
8204-TIFGJ,0.007821138,0.04,0,0
5543-QDCRY,0.24894929,0.24,0,0
9244-ZVAPM,0.5002038,0.63,1,1
9013-AQORL,0.0636387,0.17,0,0
2761-OCIAX,0.4225491,0.65,0,1
6723-WSNTY,0.15419464,0.15,0,0
0484-FFVBJ,0.20249487,0.15,0,0
5181-OABFK,0.00663166,0.02,0,0
0410-IPFTY,0.49717534,0.32,0,0
0076-LVEPS,0.032479424,0.13,0,0
5626-MGTUK,0.24592546,0.46,0,0
4735-BJKOU,0.004015811,0.0,0,0
5482-PLVPE,0.7287995,0.61,1,1
6248-BSHKG,0.00057290826,0.0,0,0
6203-HBZPA,0.0018295096,0.02,0,0
7996-BPXHY,0.007250418,0.0,0,0
9620-ENEJV,0.66698456,0.42,1,0
1447-PJGGA,0.056903515,0.16,0,0
1830-IPXVJ,0.0020707666,0.0,0,0
0440-QEXBZ,0.0383929,0.08,0,0
1543-LLLFT,0.006096981,0.14,0,0
5505-OVWQW,0.072694235,0.04,0,0
4029-HPFVY,0.29627943,0.52,0,1
6614-YOLAC,0.000595558,0.03,0,0
8547-NSBBO,0.04349955,0.13,0,0
0480-KYJVA,5.8646103e-05,0.0,0,0
7021-XSNYE,0.0014005449,0.1,0,0
8779-YIQQA,0.01873213,0.0,0,0
2589-AYCRP,0.037980564,0.02,0,0
3096-WPXBT,0.11319023,0.17,0,0
4227-OJHAL,0.12303888,0.06,0,0
5296-BFCYD,0.0005831784,0.0,0,0
6654-QGBZZ,0.21955791,0.14,0,0
0823-HSCDJ,0.44696447,0.33,0,0
4229-CZMLL,0.7504389,0.79,1,1
6704-UTUKK,0.25668925,0.28,0,0
8388-FYNPZ,0.17195432,0.25,0,0
5307-DZCVC,0.37615842,0.4,0,0
4686-UXDML,0.94337434,0.56,1,1
4955-VCWBI,0.0017680327,0.0,0,0
3646-ITDGM,0.0899021,0.02,0,0
1777-JYQPJ,0.56716645,0.5,1,0
2025-JKFWI,0.6009035,0.59,1,1
2573-GYRUU,0.6539152,0.34,1,0
5419-CONWX,0.9728702,0.66,1,1
8903-XEBGX,0.542462,0.67,1,1
0506-LVNGN,0.28660217,0.5,0,0
2239-CFOUJ,0.037690174,0.17,0,0
9381-NDKME,0.64746195,0.31,1,0
9732-KPKBW,0.6310954,0.32,1,0
7112-OPOTK,0.15900317,0.27,0,0
5297-MDOIR,0.013374564,0.07,0,0
4846-WHAFZ,0.66859204,0.51,1,1
7504-UWHNB,0.40245068,0.28,0,0
9788-YTFGE,0.12977827,0.09,0,0
2155-AMQRX,0.13971904,0.17,0,0
2754-XBHTB,0.33460537,0.61,0,1
2480-JZOSN,0.79686856,0.49,1,0
0254-KCJGT,0.017141422,0.16,0,0
2810-FTLEM,0.14561169,0.29,0,0
0923-PNFUB,0.14062627,0.55,0,1
1642-HMARX,0.0077511603,0.03,0,0
5376-DEQCP,0.78366023,0.81,1,1
9534-NSXEM,0.0042680926,0.0,0,0
2955-BJZHG,0.22049938,0.42,0,0
6993-YGFJV,0.028399479,0.03,0,0
7892-POOKP,0.7990735,0.65,1,1
5127-BZENZ,0.008944657,0.04,0,0
2834-JKOOW,0.07233038,0.04,0,0
5760-WRAHC,0.23822713,0.2,0,0
7971-HLVXI,0.005454319,0.14,0,0
2969-WGHQO,0.036053803,0.15,0,0
5515-RUGKN,0.23038092,0.34,0,0
0883-EIBTI,0.02784982,0.14,0,0
2587-EKXTS,0.15190849,0.24,0,0
4039-PIMHX,0.10315522,0.08,0,0
8690-UPCZI,0.0023712476,0.06,0,0
8580-QVLOC,0.0022586982,0.05,0,0
1304-BCCFO,0.192983,0.42,0,0
2428-ZMCTB,0.07651292,0.05,0,0
9063-ZGTUY,0.00468479,0.04,0,0
8650-RHRKE,0.60419476,0.57,1,1
0383-CLDDA,0.0036990987,0.0,0,0
8720-RQSBJ,0.57196045,0.45,1,0
6112-KTHFQ,0.004338893,0.03,0,0
3744-ZBHON,0.10494117,0.19,0,0
4678-DVQEO,0.80758756,0.52,1,1
1545-JFUML,0.009645064,0.09,0,0
9274-CNFMO,0.6766555,0.56,1,1
6608-QQLVK,0.919758,0.66,1,1
6713-OKOMC,0.13675605,0.21,0,0
1852-XEMDW,0.19869387,0.1,0,0
2190-BCXEC,0.6640841,0.28,1,0
5063-IUOKK,0.008881893,0.02,0,0
3750-YHRYO,0.013129003,0.03,0,0
2195-VVRJF,0.31438544,0.34,0,0
2665-NPTGL,0.83637524,0.62,1,1
1264-FUHCX,0.10683565,0.1,0,0
6701-DHKWQ,0.0028176352,0.01,0,0
8967-SZQAS,0.07427944,0.11,0,0
0568-ONFPC,0.031106273,0.06,0,0
5266-PFRQK,0.0021446713,0.02,0,0
9812-GHVRI,0.70953923,0.33,1,0
5536-RTPWK,0.4267824,0.36,0,0
0455-XFASS,0.5236626,0.54,1,1
5222-JCXZT,0.004266344,0.01,0,0
6080-TCMYC,0.45526454,0.39,0,0
5832-XKAES,0.31370103,0.45,0,0
4892-VLANZ,0.26595524,0.28,0,0
8857-CUPFQ,0.0029334298,0.05,0,0
7233-IOQNP,0.22664644,0.18,0,0
1907-YLNYW,0.11922648,0.29,0,0
3794-NFNCH,0.055772774,0.09,0,0
4656-CAURT,0.00096929376,0.02,0,0
8559-CIZFV,0.0071078744,0.11,0,0
7669-LCRSD,0.1404198,0.22,0,0
8160-HOWOX,0.6796731,0.34,1,0
7356-AYNJP,0.09877698,0.03,0,0
0256-LTHVJ,0.37279892,0.44,0,0
2676-SSLTO,0.0014521416,0.05,0,0
9867-JCZSP,0.033213124,0.04,0,0
7340-KEFQE,0.0032336076,0.05,0,0
6297-NOOPG,0.37876675,0.07,0,0
3506-OVLKD,0.010170886,0.09,0,0
0135-NMXAP,0.87692726,0.62,1,1
6029-CSMJE,0.3803178,0.2,0,0
6967-QIQRV,0.041505445,0.35,0,0
9814-AOUDH,0.016395371,0.01,0,0
6265-SXWBU,0.042136356,0.08,0,0
4749-VFKVB,0.41578728,0.47,0,0
3567-PQTSO,0.6011182,0.19,1,0
5868-YWPDW,0.7208253,0.7,1,1
0052-YNYOT,0.012347451,0.07,0,0
1431-AIDJQ,0.000838626,0.05,0,0
1386-ZIKUV,0.006738632,0.1,0,0
2842-BCQGE,0.581174,0.29,1,0
4323-ELYYB,0.04679969,0.07,0,0
5140-FOMCQ,0.108500406,0.09,0,0
5141-ZUVBH,0.51953727,0.46,1,0
0916-QOFDP,0.50104034,0.54,1,1
2924-KHUVI,0.41075274,0.25,0,0
8845-LWKGE,0.0502462,0.11,0,0
0486-HECZI,0.10705991,0.25,0,0
4500-HKANN,0.0023710479,0.04,0,0
6890-PFRQX,0.04531005,0.15,0,0
9046-DQMTP,0.060164172,0.07,0,0
0327-WFZSY,0.36304846,0.27,0,0
9283-LZQOH,0.45653045,0.45,0,0
6848-YLDFR,0.012618899,0.11,0,0
0562-FGDCR,0.00020241835,0.02,0,0
9220-ZNKJI,0.05826378,0.02,0,0
7056-IMHCC,0.87459445,0.51,1,1
9992-UJOEL,0.84938097,0.59,1,1
9140-CZQZZ,0.0037323677,0.03,0,0
2000-MPKCA,0.74767023,0.27,1,0
2038-LLMLM,0.34350422,0.31,0,0
7470-MCQTK,0.2739114,0.36,0,0
0929-PECLO,0.0871374,0.35,0,0
9586-JGQKH,0.0029398229,0.07,0,0
6693-DJWTY,0.025605423,0.07,0,0
1329-VHWNP,0.17440799,0.27,0,0
3978-YNKDD,0.0015040948,0.02,0,0
6127-ISGTU,0.27097124,0.51,0,1
9844-FELAJ,0.10011767,0.22,0,0
5049-MUBWG,0.025996303,0.08,0,0
3842-QTGDL,0.07976859,0.23,0,0
8089-UZWLX,0.04973378,0.11,0,0
1956-YIFGE,0.7254613,0.38,1,0
1575-KRZZE,0.1599979,0.55,0,1
0531-ZZJWQ,0.37509608,0.42,0,0
6917-FIJHC,9.9142235e-05,0.0,0,0
0913-XWSCN,0.07937744,0.24,0,0
8461-EFQYM,0.010108821,0.03,0,0
9638-JIQYA,0.7121456,0.46,1,0
3850-OKINF,0.0037409428,0.16,0,0
5850-BDWCY,0.12743323,0.03,0,0
8125-QPFJD,0.00015423626,0.02,0,0
4195-NZGTA,0.5628626,0.6,1,1
0958-YHXGP,0.60455143,0.56,1,1
7404-JLKQG,0.5290791,0.58,1,1
5533-RJFTJ,0.30174989,0.11,0,0
1371-DWPAZ,0.027366236,0.11,0,0
2469-DTSGX,0.0036326644,0.06,0,0
2958-NHPPS,0.01906161,0.04,0,0
7301-ABVAD,0.00019448371,0.02,0,0
8280-MQRQN,0.82591456,0.6,1,1
8020-BWHYL,0.3917807,0.43,0,0
4818-DRBQT,0.32794523,0.23,0,0
0411-EZJZE,0.53083897,0.41,1,0
1036-GUDCL,0.008913999,0.09,0,0
9986-BONCE,0.028703908,0.08,0,0
7029-RPUAV,0.4265453,0.55,0,1
0853-TWRVK,0.009168635,0.04,0,0
9928-BZVLZ,0.0045728986,0.09,0,0
4657-FWVFY,0.17699659,0.12,0,0
9405-GPBBG,0.015657635,0.08,0,0
3420-YJLQT,0.70438105,0.75,1,1
4702-HDRKD,0.007031874,0.04,0,0
2103-ZRXFN,0.7435055,0.66,1,1
4652-NNHNY,0.28865433,0.53,0,1
2230-XTUWL,0.0009344322,0.0,0,0
7017-VFULY,0.08547804,0.18,0,0
3705-PSNGL,0.0014917757,0.01,0,0
6598-RFFVI,0.0016106233,0.04,0,0
7855-DIWPO,0.63236153,0.44,1,0
3487-EARAT,0.098065935,0.18,0,0
8189-HBVRW,0.14324701,0.11,0,0
0388-EOPEX,0.558969,0.5,1,0
5271-YNWVR,0.011668331,0.01,0,0
2332-TODQS,0.028731465,0.0,0,0
4703-MQYKT,0.012799481,0.01,0,0
5469-NUJUR,0.002657694,0.02,0,0
9610-WCESF,0.115331896,0.09,0,0
0096-FCPUF,0.020525856,0.14,0,0
8041-TMEID,0.057900943,0.08,0,0
9932-WBWIK,0.122599974,0.1,0,0
3877-JRJIP,0.59805816,0.52,1,1
9820-RMCQV,0.12500441,0.23,0,0
9402-ROUMJ,0.19121574,0.19,0,0
0727-BNRLG,0.005643902,0.09,0,0
9408-HRXRK,0.08734527,0.15,0,0
7061-OVMIM,0.007504804,0.03,0,0
4547-LYTDD,0.12889557,0.34,0,0
6519-ZHPXP,0.0065814396,0.06,0,0
4919-IKATY,0.8652766,0.55,1,1
8166-ORCHU,0.032174308,0.19,0,0
3511-BFTJW,0.00019706719,0.07,0,0
2869-ADAWR,0.2311506,0.23,0,0
6543-CPZMK,0.27385175,0.29,0,0
8219-VYBVI,0.0043778266,0.0,0,0
4160-AMJTL,0.082375675,0.19,0,0
5924-SNGKP,0.0024332637,0.01,0,0
5542-TBBWB,0.9418195,0.92,1,1
5380-WJKOV,0.22762032,0.52,0,1
9944-AEXBM,0.43838516,0.47,0,0
6844-DZKRF,0.5927063,0.41,1,0
0979-PHULV,0.826451,0.29,1,0
5382-SOYZL,0.79284894,0.64,1,1
2578-JQPHZ,0.0028176233,0.13,0,0
3544-FBCAS,0.00020739705,0.0,0,0
5457-COLHT,0.0069011743,0.05,0,0
1522-VVDMG,0.6872962,0.47,1,0
9512-UIBFX,0.441634,0.34,0,0
8869-TORSS,0.01253937,0.03,0,0
2845-HSJCY,0.58209735,0.7,1,1
4226-KKDON,0.13411085,0.18,0,0
1221-GHZEP,0.0006650438,0.06,0,0
4360-QRAVE,0.4778273,0.28,0,0
5351-QESIO,0.39680693,0.44,0,0
5331-RGMTT,0.83926946,0.5,1,0
8565-CLBZW,0.25057712,0.31,0,0
7493-TPUWZ,0.9731906,0.76,1,1
4658-HCOHW,0.25099647,0.31,0,0
4983-CLMLV,0.24229011,0.33,0,0
3795-GWTRD,0.0016962278,0.01,0,0
1131-SUEKT,0.032052096,0.14,0,0
6284-AHOOQ,0.42184678,0.31,0,0
2599-CZABP,0.08014223,0.17,0,0
8190-ZTQFB,0.3722482,0.21,0,0
7957-RYHQD,0.58399785,0.37,1,0
9087-EYCPR,0.0007511313,0.0,0,0
1676-MQAOA,0.0010076948,0.03,0,0
9286-BHDQG,0.000381734,0.0,0,0
3612-YUNGG,0.034217793,0.1,0,0
0909-SELIE,0.002202871,0.0,0,0
8311-UEUAB,0.42468357,0.23,0,0
9565-DJPIB,0.5209536,0.48,1,0
6661-HBGWL,0.3843744,0.35,0,0
8757-TFHHJ,0.33167863,0.39,0,0
6284-KMNUF,0.19730636,0.17,0,0
2821-WARNZ,0.0030353002,0.03,0,0
5366-IJEQJ,0.47182766,0.55,0,1
1902-XBTFB,0.5943529,0.43,1,0
7005-CCBKV,0.7933075,0.67,1,1
7157-SMCFK,0.03140011,0.07,0,0
7581-EBBOU,0.009959318,0.15,0,0
2254-DLXRI,0.9594678,0.79,1,1
5469-CTCWN,0.12146699,0.13,0,0
8592-PLTMQ,0.0016562704,0.02,0,0
7338-ERIVA,0.018248951,0.05,0,0
1820-DJFPH,4.7838963e-05,0.01,0,0
7354-OIJLX,0.76355374,0.58,1,1
3621-CEOVK,0.9314623,0.71,1,1
9804-ICWBG,0.9418195,0.92,1,1
4931-TRZWN,0.25326616,0.27,0,0
9700-ISPUP,0.22727683,0.4,0,0
3588-WSTTJ,0.82610404,0.5,1,0
8510-AWCXC,0.65340865,0.65,1,1
3766-EJLFL,0.17412081,0.06,0,0
4184-VODJZ,0.18524495,0.23,0,0
1395-OFUWC,0.040843736,0.13,0,0
8769-KKTPH,0.4022108,0.16,0,0
3320-VEOYC,0.8169479,0.85,1,1
0921-OHLVP,0.46736708,0.42,0,0
1353-GHZOS,0.053523134,0.14,0,0
2308-STERM,0.03113307,0.08,0,0
4779-ZGICK,0.0016036272,0.0,0,0
2616-FLVQC,0.010850276,0.06,0,0
8590-OHDIW,0.0046979175,0.01,0,0
9067-SQTNS,0.0016449544,0.0,0,0
5136-RGMZO,0.14343953,0.17,0,0
1678-FYZOW,0.80470514,0.73,1,1
6365-HITVU,0.0021915243,0.0,0,0
2960-NKRSO,0.15189506,0.32,0,0
7925-PNRGI,0.01671401,0.07,0,0
5863-OOKCL,0.0024379198,0.08,0,0
5583-EJXRD,0.0014547637,0.03,0,0
4946-EDSEW,0.0047227824,0.03,0,0
6993-YCOBK,0.101961955,0.14,0,0
8993-IZEUX,0.24228947,0.3,0,0
2858-EIMXH,0.7012208,0.33,1,0
1963-VAUKV,0.1098625,0.17,0,0
4512-ZUIYL,0.5259147,0.71,1,1
6469-MRVET,0.18715294,0.21,0,0
2432-TFSMK,0.062311824,0.25,0,0
4445-ZJNMU,0.9436451,0.74,1,1
4939-KYYPY,0.018871378,0.12,0,0
1530-ZTDOZ,0.08520922,0.12,0,0
4419-UJMUS,0.09686012,0.21,0,0
8577-QSOCG,0.00055018143,0.01,0,0
3967-VQOGC,0.00013939117,0.0,0,0
7898-PDWQE,0.00053835317,0.01,0,0
7336-RLLRH,0.040034823,0.1,0,0
8015-IHCGW,0.0032129302,0.04,0,0
1614-JBEBI,0.07639713,0.05,0,0
9298-WGMRW,0.0019049214,0.0,0,0
0402-OAMEN,5.5170392e-05,0.0,0,0
8496-DMZUK,0.0059737433,0.06,0,0
1447-GIQMR,0.9566324,0.86,1,1
4299-OPXEJ,0.042903915,0.0,0,0
5226-NOZFC,0.5021584,0.54,1,1
3143-JQEGI,0.48802677,0.53,0,1
8295-FHIVV,0.015102318,0.07,0,0
2446-ZKVAF,0.19030125,0.13,0,0
8805-JNRAZ,0.2170297,0.45,0,0
0979-MOZQI,0.0030447678,0.06,0,0
5697-GOMBF,0.10782106,0.23,0,0
4310-KEDTB,0.05707898,0.16,0,0
7529-ZDFXI,0.11554876,0.32,0,0
9375-MHRRS,0.32984185,0.39,0,0
2242-MFOTG,0.016021192,0.09,0,0
9637-CDTKZ,0.0025013648,0.0,0,0
8378-LKJAF,0.5809958,0.28,1,0
5566-SOEZD,0.016920345,0.14,0,0
6171-ZTVYB,0.0375295,0.08,0,0
7251-LJBQN,0.2509756,0.21,0,0
1754-GKYPY,0.73637325,0.61,1,1
2135-RXIHG,0.85099965,0.69,1,1
4376-KFVRS,0.0018764348,0.0,0,0
8713-IGZSO,0.1529963,0.1,0,0
2737-YNGYW,0.5481189,0.83,1,1
0655-RBDUG,0.9624747,0.85,1,1
1682-VCOIO,0.0007634232,0.01,0,0
5740-YHGTW,0.1538188,0.16,0,0
5727-MYATE,0.0005625648,0.0,0,0
0376-YMCJC,0.6837139,0.66,1,1
8212-CRQXP,0.48416153,0.39,0,0
1310-QRITU,0.18905468,0.31,0,0
2466-FCCPT,0.108146675,0.03,0,0
4396-KLSEH,0.30276006,0.16,0,0
1194-SPVSP,0.095105246,0.16,0,0
4667-QONEA,0.033747792,0.15,0,0
7995-ZHHNZ,0.04850889,0.03,0,0
7198-GLXTC,0.8263948,0.72,1,1
7410-YTJIK,0.75226855,0.66,1,1
0559-CKHUS,0.0021816958,0.0,0,0
7266-GSSJX,0.023751734,0.14,0,0
5609-IMCGG,0.1779438,0.19,0,0
7534-BFESC,0.36799553,0.57,0,1
2798-NYLMZ,0.3872854,0.17,0,0
8584-KMVXD,0.10850054,0.45,0,0
5207-PLSTK,0.3410782,0.47,0,0
8541-QVFKM,0.6960113,0.77,1,1
3893-JRNFS,0.07085998,0.21,0,0
5159-YFPKQ,0.8420799,0.71,1,1
8788-DOXSU,0.10553616,0.15,0,0
4993-JCRGJ,0.1877418,0.26,0,0
4323-SADQS,0.290661,0.23,0,0
5808-TOTXO,0.026882786,0.07,0,0
5022-JNQEQ,0.53958863,0.56,1,1
5537-UXXVS,0.013355958,0.13,0,0
1989-PRJHP,0.32634833,0.6,0,1
3207-OYBWH,0.26762673,0.35,0,0
3312-ZWLGF,0.7174271,0.51,1,1
6483-OATDN,0.21345328,0.18,0,0
5539-TMZLF,0.94410914,0.87,1,1
1796-JANOW,0.041335203,0.04,0,0
3003-CMDUU,0.343109,0.32,0,0
3372-KWFBM,0.49079642,0.65,0,1
5854-KSRBJ,0.0007546055,0.0,0,0
2019-HDCZY,0.03746713,0.11,0,0
3970-XGJDU,0.0008756633,0.02,0,0
8028-PNXHQ,0.0006525114,0.01,0,0
4937-QPZPO,0.7200471,0.3,1,0
3865-ZFZIB,0.01025451,0.01,0,0
8884-ADFVN,0.97742015,0.89,1,1
7619-ODSGN,0.058550257,0.16,0,0
3006-XIMLN,0.9784515,0.79,1,1
6692-UDPJC,0.36300737,0.45,0,0
2037-SGXHH,0.36746684,0.23,0,0
3680-CTHUH,0.1572158,0.2,0,0
2187-PKZAY,0.6240681,0.59,1,1
7191-ADRGF,0.027765756,0.12,0,0
2325-NBPZG,0.37440446,0.65,0,1
6374-NTQLP,0.0025120203,0.03,0,0
0455-ENTCR,0.005169462,0.02,0,0
7596-IIWYC,0.001861738,0.0,0,0
6898-MDLZW,0.36704108,0.28,0,0
8212-DJRCH,0.876962,0.5,1,0
4701-MLJPN,0.025099332,0.16,0,0
6223-DHJGV,0.0028467677,0.0,0,0
3400-ESFUW,0.0018457939,0.01,0,0
6370-ZVHDV,0.0024583172,0.0,0,0
2323-ARSVR,0.060539242,0.03,0,0
4283-FUTGF,0.7357417,0.59,1,1
9589-ABEPT,0.00481183,0.12,0,0
2923-ARZLG,0.050091837,0.12,0,0
1376-HHBDV,0.02115551,0.08,0,0
3990-QYKBE,0.21555646,0.71,0,1
9842-EFSYY,0.4522697,0.3,0,0
2091-MJTFX,0.013845309,0.16,0,0
5644-PDMZC,0.786144,0.74,1,1
4480-QQRHC,0.6596581,0.54,1,1
9576-ANLXO,0.60609764,0.6,1,1
6583-SZVGP,0.16890374,0.22,0,0
0744-GKNGE,0.014484467,0.1,0,0
2486-WYVVE,0.54920447,0.19,1,0
2101-RANCD,0.26763785,0.37,0,0
8191-XWSZG,0.009398511,0.05,0,0
0322-YINQP,0.3783511,0.37,0,0
1448-PWKYE,0.9436493,0.76,1,1
0447-BEMNG,0.08433189,0.21,0,0
0397-ZXWQF,0.0021393816,0.01,0,0
0365-GXEZS,0.19220476,0.2,0,0
0608-JDVEC,0.043818668,0.01,0,0
2656-FMOKZ,0.49401942,0.59,0,1
1015-OWJKI,0.21916413,0.16,0,0
3411-WLRSQ,0.5469908,0.55,1,1
7054-ENNGU,0.088504896,0.17,0,0
3787-TRIAL,0.11435264,0.17,0,0
0668-OGMHD,0.16244943,0.3,0,0
4962-CHQPW,0.003439859,0.0,0,0
9867-NNXLC,0.016071023,0.03,0,0
1768-ZAIFU,0.836851,0.81,1,1
9142-XMYJH,0.023284907,0.03,0,0
8696-JKZNU,0.65089536,0.53,1,1
1444-VVSGW,0.24755345,0.14,0,0
9039-ZVJDC,0.012232739,0.14,0,0
2887-JPYLU,0.13867939,0.11,0,0
5698-BQJOH,0.85522336,0.7,1,1
8722-NGNBH,0.1837201,0.21,0,0
0816-TSPHQ,0.13868941,0.06,0,0
8739-XNIKG,0.7110372,0.78,1,1
2528-HFYZX,0.36406094,0.65,0,1
8775-ERLNB,0.86146516,0.73,1,1
5061-PBXFW,0.044320874,0.12,0,0
9097-ZUBYC,0.46175414,0.25,0,0
3948-FVVRP,0.15834704,0.16,0,0
5696-JVVQY,0.0049537597,0.03,0,0
3932-IJWDZ,0.29420725,0.5,0,0
1131-ALZWV,0.005497152,0.07,0,0
1628-BIZYP,0.95732117,0.8,1,1
8034-RYTVV,0.019685443,0.09,0,0
9967-ATRFS,0.06293642,0.02,0,0
0430-IHCDJ,0.72453296,0.54,1,1
9374-YOLBJ,0.056275688,0.2,0,0
0661-KBKPA,0.17453153,0.16,0,0
3768-NLUBH,0.36827338,0.4,0,0
5575-TPIZQ,0.14807177,0.17,0,0
3096-IZETN,0.40914306,0.54,0,1
7503-QQRVF,0.6080936,0.39,1,0
8207-VVMYB,0.0006935446,0.01,0,0
6198-PNNSZ,0.032283057,0.13,0,0
1357-BIJKI,0.21726203,0.35,0,0
9114-DPSIA,0.00025395246,0.01,0,0
0997-YTLNY,0.058901194,0.14,0,0
8397-MVTAZ,0.7362723,0.5,1,0
7567-ECMCM,0.41318446,0.34,0,0
7629-WIXZF,0.14060009,0.3,0,0
7273-TEFQD,0.9251382,0.7,1,1
9350-VLHMB,0.6487919,0.27,1,0
7649-PHJVR,0.003974565,0.01,0,0
4950-HKQTE,0.005645197,0.02,0,0
2208-NKVVH,0.0070020705,0.0,0,0
1063-DHQJF,0.010315493,0.09,0,0
9480-BQJEI,0.04452399,0.16,0,0
0373-AIVNJ,0.22308666,0.13,0,0
3521-HTQTV,0.0112285875,0.02,0,0
3209-ZPKFI,0.27932054,0.12,0,0
0013-EXCHZ,0.81038547,0.6,1,1
9445-SZLCH,0.23685668,0.22,0,0
6234-PFPXL,0.18946439,0.33,0,0
6603-YRDCJ,0.0012957453,0.01,0,0
5730-DBDSI,0.010536162,0.02,0,0
1624-WOIWJ,0.44719508,0.39,0,0
1047-RNXZV,0.0054362477,0.02,0,0
0895-LMRSF,0.13791284,0.18,0,0
5569-IDSEY,0.073711015,0.13,0,0
4522-AKYLR,0.4916433,0.41,0,0
2669-QVCRG,0.36868075,0.22,0,0
1550-LOAHA,0.60438895,0.29,1,0
0181-RITDD,0.028741993,0.1,0,0
1240-KNSEZ,0.738969,0.43,1,0
8224-KDLKN,8.8889494e-05,0.0,0,0
1218-VKFPE,0.0066749416,0.02,0,0
7392-YYPYJ,0.8333931,0.81,1,1
4647-XXZAM,0.28667697,0.17,0,0
8792-AOROI,0.0026070843,0.16,0,0
1481-ZUWZA,0.56860685,0.33,1,0
5198-EFNBM,0.11281979,0.14,0,0
9364-YKUVW,0.22719209,0.13,0,0
7159-NOKYQ,0.028158983,0.12,0,0
5949-XIKAE,0.7892602,0.49,1,0
0096-BXERS,0.4734032,0.32,0,0
3976-NLDEZ,0.4210214,0.42,0,0
0178-CIIKR,0.060025096,0.07,0,0
9050-QLROH,0.25021836,0.31,0,0
9643-AVVWI,0.8396988,0.59,1,1
5423-BHIXO,0.055175655,0.12,0,0
9819-FBNSV,0.36934894,0.41,0,0
8098-TDCBU,0.043598574,0.01,0,0
5966-EMAZU,0.03676983,0.15,0,0
2307-FYNNL,0.7821844,0.3,1,0
0134-XWXCE,0.064803906,0.08,0,0
1306-RPWXZ,0.0006379228,0.02,0,0
2824-DXNKN,0.00054033106,0.07,0,0
4905-JEFDW,0.44263434,0.42,0,0
5402-HTOTQ,0.3521692,0.3,0,0
1696-MZVAU,0.05049949,0.16,0,0
7249-WBIYX,0.64704484,0.87,1,1
1133-KXCGE,0.03308515,0.04,0,0
1217-VASWC,0.16262028,0.2,0,0
2988-PLAHS,0.5845768,0.42,1,0
2866-IKBTM,0.29546517,0.26,0,0
7130-CTCUS,0.49833235,0.2,0,0
0082-OQIQY,0.14239997,0.49,0,0
6933-FHBZC,0.1547673,0.11,0,0
9385-NXKDA,0.0001547737,0.0,0,0
7794-JASDG,0.4953636,0.3,0,0
3454-JFUBC,0.0006258705,0.0,0,0
2545-EBUPK,0.9171593,0.94,1,1
3865-ZYKAD,0.2868678,0.2,0,0
9588-YRFHY,0.00073997054,0.0,0,0
2495-INZWQ,0.8011823,0.64,1,1
4877-TSOFF,0.0043099974,0.09,0,0
5325-UWTWJ,0.13732015,0.17,0,0
2664-XJZNO,0.0014715658,0.04,0,0
8532-UEFWH,0.007946774,0.03,0,0
1092-GANHU,0.14010648,0.35,0,0
4785-FCIFB,0.00034719866,0.0,0,0
5380-AFSSK,0.9705006,0.72,1,1
8819-ZBYNA,0.564086,0.17,1,0
5975-BAICR,0.023905186,0.04,0,0
6712-OAWRH,0.5157385,0.46,1,0
1349-WXNGG,0.1005496,0.23,0,0
8605-ITULD,0.29546517,0.26,0,0
2040-OBMLJ,0.039680462,0.2,0,0
3426-NIYYL,0.28744403,0.5,0,0
3018-TFTSU,0.21448584,0.15,0,0
7997-EASSD,0.004455707,0.17,0,0
4256-ZWTZI,0.5242538,0.34,1,0
4422-QVIJA,0.05529982,0.12,0,0
0523-VNGTF,0.058589064,0.13,0,0
7603-USHJS,0.26552427,0.47,0,0
7993-PYKOF,0.3170613,0.34,0,0
4049-ZPALD,0.005142435,0.16,0,0
3982-XWFZQ,0.11472408,0.2,0,0
8400-WZICQ,0.10249707,0.1,0,0
2720-FVBQP,0.28088215,0.31,0,0
2408-PSJVE,0.056337472,0.12,0,0
7036-TYDEC,0.13351056,0.23,0,0
5804-JMYIO,0.013969136,0.0,0,0
0336-KXKFK,0.00046417452,0.01,0,0
3088-FVYWK,0.10126642,0.06,0,0
2535-PBCGC,0.0061100875,0.01,0,0
7250-EQKIY,0.761608,0.6,1,1
1494-EJZDW,0.0074556773,0.02,0,0
2212-LYASK,0.19927569,0.14,0,0
7401-JIXNM,0.005541833,0.01,0,0
5057-RKGLH,0.003424863,0.03,0,0
4815-YOSUK,0.014142206,0.13,0,0
6821-BUXUX,0.55928963,0.62,1,1
8676-TRMJS,0.61746144,0.63,1,1
2911-WDXMV,0.17373447,0.25,0,0
7521-YXVZY,0.05815511,0.03,0,0
1525-LNLOJ,0.0024074994,0.06,0,0
3884-UEBXB,0.00058069854,0.05,0,0
6164-HAQTX,0.0028858313,0.03,0,0
8777-PVYGU,0.001787022,0.02,0,0
9850-OWRHQ,0.88312685,0.8,1,1
5606-AMZBO,0.3398251,0.57,0,1
1236-WFCDV,0.7849946,0.52,1,1
3097-PYWXL,0.13903615,0.24,0,0
7654-YWJUF,0.03437703,0.11,0,0
6313-GIDIT,0.26440555,0.21,0,0
3396-DKDEL,0.007128614,0.04,0,0
4026-SKKHW,0.57528764,0.28,1,0
8763-KIAFH,0.0011290993,0.04,0,0
9866-OCCKE,0.002716512,0.13,0,0
3733-UOCWF,0.023548877,0.03,0,0
3125-RAHBV,0.0029431235,0.0,0,0
3470-OBUET,0.015927358,0.02,0,0
8241-JUIQO,0.0032493502,0.03,0,0
7460-ITWWP,0.22072756,0.44,0,0
4587-VVTOX,0.9091513,0.79,1,1
1264-BYWMS,0.58016616,0.52,1,1
2972-YDYUW,0.045987543,0.17,0,0
3512-IZIKN,0.0053276652,0.0,0,0
3594-KADLU,0.37190062,0.37,0,0
1707-HABPF,0.01834407,0.08,0,0
6340-DACFT,0.00060715084,0.0,0,0
6332-FBZRI,0.009625108,0.1,0,0
8626-PTQGE,0.0014824216,0.03,0,0
9540-JYROE,0.4909927,0.45,0,0
3677-IYRBF,0.9506028,0.7,1,1
6770-XUAGN,0.7910477,0.46,1,0
3679-XASPY,0.47414362,0.23,0,0
4298-OYIFC,0.9516264,0.76,1,1
9741-YLNTD,0.6970353,0.58,1,1
3069-SSVSN,0.15303512,0.42,0,0
8593-WHYHV,0.8560696,0.86,1,1
8361-LBRDI,0.0033254798,0.05,0,0
0420-TXVSG,0.008392972,0.02,0,0
1960-UOTYM,0.004702921,0.12,0,0
7641-TQFHN,0.031486012,0.19,0,0
5774-QPLTF,0.0003116579,0.02,0,0
4903-CNOZC,0.038284115,0.09,0,0
7879-CGSFV,0.052039295,0.19,0,0
4753-PADAS,0.31791183,0.21,0,0
3324-OIRTO,0.006989252,0.09,0,0
1833-TCXKK,0.20837191,0.5,0,0
3900-AQPHZ,0.21955791,0.14,0,0
9058-CBREO,0.8129878,0.55,1,1
9878-TNQGW,0.67631507,0.72,1,1
3896-RCYYE,0.005010855,0.09,0,0
0567-GGCAC,0.10414987,0.29,0,0
8619-IJNDK,0.0013929855,0.0,0,0
6877-LGWXO,0.25093892,0.51,0,1
6734-PSBAW,0.00020317847,0.01,0,0
3547-LQRIK,0.013548199,0.06,0,0
4377-VDHYI,0.039912492,0.23,0,0
2778-OCLGR,0.50375015,0.53,1,1
1143-NMNQJ,0.9748974,0.96,1,1
8873-GLDMH,0.83611774,0.75,1,1
6778-JFCMK,0.042177442,0.19,0,0
4342-HENTK,0.6118784,0.76,1,1
3402-XRIUO,0.3522908,0.2,0,0
5329-KRDTM,0.004521623,0.13,0,0
6953-PBDIN,0.030388204,0.02,0,0
1320-HTRDR,0.8182709,0.73,1,1
4690-LLKUA,0.41060346,0.32,0,0
4193-IBKSW,8.8889494e-05,0.0,0,0
8735-DCXNF,0.29749572,0.18,0,0
8481-YYXWG,0.70003444,0.61,1,1
1360-XFJMR,0.10708958,0.1,0,0
9572-WUKSB,0.5957681,0.38,1,0
6383-ZTSIW,0.20033997,0.15,0,0
3162-ZJZFU,0.12740128,0.27,0,0
9747-DDZOS,0.84742814,0.62,1,1
9945-PSVIP,0.0032184694,0.02,0,0
2001-MCUUW,0.17784393,0.17,0,0
3758-CKOQL,0.3692632,0.11,0,0
9330-VOFSZ,0.1208598,0.1,0,0
4526-EXKKN,0.0017707,0.02,0,0
9537-VHDTA,0.2716147,0.3,0,0
3910-MRQOY,0.00027094892,0.0,0,0
6137-MFAJN,0.13801013,0.18,0,0
3831-YCPUO,0.00039806924,0.03,0,0
2165-VOEGB,0.04981935,0.11,0,0
4332-MUOEZ,0.057269435,0.28,0,0
1087-UDSIH,0.042497177,0.08,0,0
5651-YLPRD,0.2509151,0.3,0,0
2511-MORQY,0.019080894,0.1,0,0
9079-YEXQJ,0.32932326,0.15,0,0
0330-IVZHA,0.7348322,0.41,1,0
5384-ZTTWP,0.42417884,0.04,0,0
5136-GFPMB,0.45463744,0.23,0,0
6240-EURKS,0.13671114,0.2,0,0
5968-VXZLG,0.7427167,0.6,1,1
2892-GESUL,0.0028446312,0.0,0,0
6061-GWWAV,0.012665689,0.14,0,0
8873-TMKGR,0.0029314891,0.0,0,0
1074-AMIOH,0.073966265,0.18,0,0
0727-BMPLR,0.68817884,0.16,1,0
2885-HIJDH,0.012650361,0.0,0,0
8393-DLHGA,0.80860376,0.43,1,0
4717-GHADL,0.0016169086,0.07,0,0
9685-WKZGT,0.86270154,0.72,1,1
9030-QGZNL,0.0058586188,0.03,0,0
4079-VTGLK,0.00725641,0.17,0,0
5666-MBJPT,0.0008791533,0.01,0,0
6173-GOLSU,0.6654122,0.53,1,1
4817-VYYWS,0.70199186,0.75,1,1
0040-HALCW,0.0007264339,0.01,0,0
6474-FVJLC,0.9408502,0.94,1,1
2604-IJPDU,0.5840027,0.43,1,0
9450-TRJUU,0.77019775,0.44,1,0
2984-TBYKU,0.021311644,0.01,0,0
3071-MVJCD,0.00043744346,0.01,0,0
2188-SXWVT,0.02465334,0.03,0,0
1730-VFMWO,0.042043373,0.06,0,0
6582-OIVSP,0.3969533,0.41,0,0
7369-TRPFD,0.0023295481,0.0,0,0
3890-RTCMS,0.34711048,0.25,0,0
5550-VFRLC,0.9484871,0.89,1,1
5921-NGYRH,0.029444559,0.17,0,0
5294-CDGWY,0.06891033,0.04,0,0
1784-BXEFA,0.04454761,0.03,0,0
2077-MPJQO,0.80709165,0.83,1,1
6319-IEJWJ,0.41896284,0.52,0,1
8819-IMISP,0.6815806,0.56,1,1
6814-ZPWFQ,0.017443595,0.1,0,0
1891-QRQSA,0.07919335,0.16,0,0
8680-CGLTP,0.023422867,0.1,0,0
9803-FTJCG,0.0019895562,0.05,0,0
3707-GNWHM,0.87757355,0.87,1,1
1731-TVIUK,0.8933046,0.72,1,1
7517-LDMPS,0.31350002,0.51,0,1
7691-XVTZH,0.03837552,0.13,0,0
3338-CVVEH,0.8908442,0.64,1,1
1095-WGNGG,0.0144419735,0.2,0,0
0431-APWVY,0.12168745,0.3,0,0
5380-XPJNZ,0.008023978,0.02,0,0
6166-ILMNY,0.5553189,0.73,1,1
0297-RBCSG,0.0953105,0.25,0,0
6402-EJMWF,0.12781581,0.44,0,0
6463-MVYRY,0.0014378361,0.04,0,0
8058-DMYRU,0.54075176,0.4,1,0
7824-PANSQ,0.075020835,0.2,0,0
1084-UQCHV,0.9190378,0.71,1,1
6331-LWDTQ,0.124036215,0.59,0,1
8676-OOQEJ,0.23373154,0.29,0,0
7363-QTBIW,0.7714955,0.82,1,1
4816-OKWNX,0.069545,0.16,0,0
2867-UIMSS,0.87948114,0.86,1,1
4304-TSPVK,0.028178198,0.08,0,0
0637-YLETY,0.17805786,0.46,0,0
3858-XHYJO,0.3226926,0.16,0,0
5020-ZSTTY,0.007009691,0.05,0,0
0531-XBKMM,0.0022680718,0.01,0,0
5473-KHBPS,0.039931793,0.05,0,0
1862-QRWPE,0.0040583196,0.0,0,0
2788-CJQAQ,0.0033212516,0.0,0,0
2754-SDJRD,0.97530293,0.7,1,1
6288-CHQJB,0.0013235385,0.03,0,0
8838-GPHZP,0.000599529,0.0,0,0
9931-KGHOA,0.10162568,0.06,0,0
5857-XRECV,0.028714685,0.09,0,0
0963-ZBDRN,0.38742566,0.47,0,0
9209-NWPGU,0.01375379,0.08,0,0
0379-DJQHR,0.007515815,0.01,0,0
5356-KZCKT,0.011525102,0.04,0,0
3761-FLYZI,0.1560189,0.2,0,0
2609-IAICY,0.9804513,0.86,1,1
4317-VTEOA,0.8250159,0.46,1,0
4912-PIGUY,0.9316289,0.83,1,1
6734-FQAJX,0.051041115,0.1,0,0
5306-BVTKJ,0.06699644,0.07,0,0
3325-FUYCG,0.057792574,0.19,0,0
0285-INHLN,0.13123682,0.15,0,0
5600-PDUJF,0.32309118,0.41,0,0
3563-SVYLG,0.0033791678,0.0,0,0
5052-PNLOS,0.6629139,0.73,1,1
9256-JTBNZ,0.13075624,0.1,0,0
5650-YLIBA,0.41288307,0.53,0,1
9919-FZDED,0.00046699963,0.05,0,0
2429-AYKKO,0.00029099418,0.02,0,0
6710-HSJRD,0.12291476,0.39,0,0
6969-MVBAI,0.8069095,0.8,1,1
1470-PSXNM,0.24661578,0.24,0,0
2245-ADZFJ,0.0063936957,0.06,0,0
1051-EQPZR,0.0030793035,0.03,0,0
9261-WDCAF,0.7837005,0.37,1,0
5365-LLFYV,0.5503503,0.46,1,0
4751-ERMAN,0.0068297577,0.09,0,0
8033-ATFAS,0.32048893,0.15,0,0
3523-QRQLL,0.346284,0.24,0,0
4760-THGOT,0.36071724,0.24,0,0
1452-XRSJV,0.11161316,0.08,0,0
5204-HMGYF,0.00964767,0.03,0,0
3658-KIBGF,0.6494563,0.61,1,1
8646-JCOMS,0.0747646,0.09,0,0
0384-LPITE,0.11126613,0.03,0,0
9221-OTIVJ,0.77220136,0.68,1,1
1597-LHYNC,0.50863206,0.49,1,0
8778-LMWTJ,0.6256749,0.62,1,1
9507-HSMMZ,0.005118421,0.03,0,0
1436-ZMJAN,0.40331802,0.28,0,0
9710-ZUSHQ,0.098323435,0.29,0,0
7868-TMWMZ,0.06291909,0.03,0,0
5146-YYFRZ,0.0040927706,0.0,0,0
1952-DVVSW,0.13522322,0.03,0,0
1403-GYAFU,8.444612e-05,0.0,0,0
2874-YXVVA,0.16117129,0.32,0,0
9530-GRMJG,0.00885163,0.08,0,0
4480-MBMLB,0.09296225,0.26,0,0
2146-EGVDT,0.0020925247,0.0,0,0
6322-HRPFA,0.11968171,0.07,0,0
2725-TTRIQ,0.00015251829,0.01,0,0
6777-TGHTM,0.22448747,0.32,0,0
2335-GSODA,0.0014643094,0.04,0,0
3750-CKVKH,0.55034995,0.6,1,1
7951-QKZPL,0.0014768814,0.0,0,0
7787-BNTZM,0.22154845,0.11,0,0
0270-THENM,0.0008617328,0.0,0,0
7298-IZWLY,0.7654799,0.39,1,0
6286-SUUWT,0.5459538,0.29,1,0
7096-UCLNH,0.20291735,0.29,0,0
1816-FLZDK,0.37062633,0.36,0,0
0701-TJSEF,0.03591366,0.23,0,0
3623-FQBOX,0.015558102,0.06,0,0
5027-YOCXN,0.06568789,0.19,0,0
3780-DDGSE,0.020850165,0.18,0,0
5949-EBSQK,0.033726994,0.38,0,0
3077-RSNTJ,0.06805702,0.07,0,0
6377-KSLXC,0.16893132,0.06,0,0
0871-URUWO,0.7409251,0.53,1,1
2277-VWCNI,0.7839337,0.55,1,1
9339-FIIJL,0.00060706405,0.0,0,0
5336-UFNZP,0.13099974,0.21,0,0
3063-QFSZL,0.7408232,0.54,1,1
2746-DIJLO,0.24323246,0.05,0,0
7649-SIJJF,0.00032974128,0.0,0,0
0794-YVSGE,6.358467e-05,0.0,0,0
9135-HSWOC,0.0065607736,0.05,0,0
3239-TPHPZ,0.005547031,0.02,0,0
5614-DNZCE,0.005388275,0.03,0,0
6168-YBYNP,0.4364722,0.32,0,0
6583-KQJLK,0.34195167,0.55,0,1
8821-XNHVZ,0.96636915,0.63,1,1
3508-VLHCZ,0.0017104717,0.0,0,0
4759-PXTAN,0.013535778,0.13,0,0
1174-FGIFN,0.16946554,0.37,0,0
5539-HIVAK,0.115184866,0.08,0,0
8443-WVPSS,0.89532405,0.46,1,0
1587-FKLZB,0.77278906,0.36,1,0
3847-BAERP,0.06731459,0.03,0,0
6557-BZXLQ,0.22209834,0.31,0,0
8750-QWZAJ,0.002190292,0.01,0,0
9207-ZPANB,0.031337295,0.07,0,0
8849-GYOKR,0.053152833,0.17,0,0
9115-YQHGA,0.109177575,0.2,0,0
9926-PJHDQ,0.010491348,0.07,0,0
9355-NPPFS,0.42792234,0.34,0,0
4121-AGSIN,0.0045470893,0.0,0,0
9254-RBFON,0.41559005,0.22,0,0
3639-XJHKQ,0.1874794,0.16,0,0
9089-UOWJG,0.28616437,0.16,0,0
0015-UOCOJ,0.4177954,0.44,0,0
6292-TOSSS,0.0046433993,0.0,0,0
4726-DLWQN,0.034027446,0.13,0,0
7663-CUXZB,0.117754705,0.1,0,0
4277-BWBML,0.00033416864,0.0,0,0
6575-SUVOI,0.022173317,0.28,0,0
1150-WFARN,0.076987125,0.06,0,0
3200-MNQTF,0.017403612,0.02,0,0
1370-GGAWX,0.052845243,0.14,0,0
9057-SIHCH,0.90018916,0.82,1,1
9309-BZGNT,0.002215524,0.12,0,0
9190-MFJLN,0.28973344,0.5,0,0
8450-JOVAH,0.22907071,0.35,0,0
2391-SOORI,0.40787348,0.39,0,0
2514-GINMM,0.9462756,0.93,1,1
6338-AVWCY,0.8118962,0.54,1,1
8375-DKEBR,0.9766133,0.93,1,1
8717-VCTXJ,0.0024405792,0.0,0,0
6784-XYJAE,0.008671726,0.06,0,0
7032-LMBHI,0.07941384,0.04,0,0
9507-EXLTT,0.96911633,0.76,1,1
2668-TZSPS,0.10793581,0.22,0,0
4821-WQOYN,6.153818e-05,0.01,0,0
8155-IBNHG,0.44304308,0.29,0,0
7587-RZNME,0.61995494,0.67,1,1
1187-WILMM,0.0005131591,0.02,0,0
5343-SGUBI,0.010299271,0.1,0,0
8914-RBTSB,0.15286288,0.28,0,0
8735-NBLWT,0.014983328,0.09,0,0
3349-ANQNH,0.53965855,0.21,1,0
2001-EWBQU,0.16998267,0.12,0,0
2139-FQHLM,0.28380695,0.24,0,0
7520-HQWJU,0.057261053,0.07,0,0
0962-CQPWQ,0.00027823754,0.0,0,0
7861-UVUFT,0.36156988,0.48,0,0
9833-TGFHX,0.13783562,0.24,0,0
0258-NOKBL,0.305297,0.35,0,0
3724-UCSHY,0.003219196,0.03,0,0
3244-DCJWY,0.7366597,0.66,1,1
4541-RMRLG,0.008295889,0.14,0,0
3317-VLGQT,0.5718516,0.67,1,1
3966-HRMZA,0.44183767,0.54,0,1
8622-ZLFKO,0.96577716,0.87,1,1
6559-RAKOZ,0.311122,0.28,0,0
9289-LBQVU,0.022381108,0.13,0,0
5514-YQENT,0.018683976,0.12,0,0
5619-XZZKR,0.06494585,0.01,0,0
5339-PXDVH,0.22875378,0.48,0,0
7067-KSAZT,0.23141794,0.18,0,0
1699-UOTXU,0.0067249634,0.06,0,0
8915-NNTRC,0.00080098223,0.06,0,0
2907-ILJBN,0.022568444,0.06,0,0
9637-EIHEQ,0.86851335,0.52,1,1
2252-JHJGE,0.13643913,0.19,0,0
7571-YXDAD,0.6334364,0.69,1,1
1930-QPBVZ,0.01681993,0.09,0,0
9661-MHUMO,0.22737694,0.4,0,0
8985-OOPOS,0.3590792,0.34,0,0
4223-WOZCM,0.8456884,0.66,1,1
7278-CKDNC,0.60564876,0.78,1,1
1257-SXUXQ,0.008175995,0.03,0,0
3339-EAQNV,0.02716288,0.26,0,0
1409-PHXTF,0.13082317,0.17,0,0
4632-PAOYU,0.0061488324,0.0,0,0
6825-UYPFK,0.058528055,0.24,0,0
4353-HYOJD,0.02563204,0.1,0,0
3722-WPXTK,0.88520825,0.63,1,1
7375-WMVMT,0.0044720275,0.11,0,0
7114-AEOZE,0.0037957756,0.02,0,0
3082-YVEKW,0.0013025773,0.04,0,0
5996-NRVXR,0.051294796,0.22,0,0
3251-YMVWZ,0.11690449,0.09,0,0
8266-VBFQL,0.40466902,0.49,0,0
5186-EJEGL,0.055539705,0.23,0,0
3982-JGSFD,0.0043719774,0.0,0,0
7314-OXENN,0.7530341,0.67,1,1
9481-SFCQY,0.18132234,0.2,0,0
0788-DXBFY,0.12348525,0.03,0,0
2865-TCHJW,0.853402,0.77,1,1
1751-NCDLI,0.91628665,0.74,1,1
1853-UDXBW,0.66223705,0.74,1,1
1088-AUUZZ,0.00068864186,0.06,0,0
0839-JTCUD,0.0055054715,0.0,0,0
1567-DSCIC,0.8087955,0.79,1,1
3179-GBRWV,0.24413343,0.28,0,0
8189-XRIKE,0.4412506,0.4,0,0
3902-MIVLE,0.000661998,0.04,0,0
2890-WFBHU,0.008128852,0.14,0,0
7634-HLQJR,0.00059056096,0.0,0,0
5073-RZGBK,0.03439126,0.13,0,0
9138-EFSMO,0.08208891,0.26,0,0
8591-TKMZH,0.02025665,0.04,0,0
0235-KGSLC,0.75886613,0.72,1,1
2812-REYAT,0.0025100878,0.03,0,0
2582-FFFZR,0.38975087,0.4,0,0
1945-XISKS,0.0023290738,0.02,0,0
6270-OMFIW,0.35886443,0.2,0,0
3235-ETOOB,0.4553111,0.55,0,1
3011-WQKSZ,0.29268652,0.29,0,0
4086-ATNFV,0.047489226,0.06,0,0
7311-MQJCH,0.0074624554,0.11,0,0
1455-ESIQH,0.7659803,0.61,1,1
3082-VQXNH,0.2246334,0.43,0,0
8430-TWCBX,0.0027275728,0.08,0,0
8992-CEUEN,0.04855821,0.19,0,0
5844-QVTAT,0.069730684,0.07,0,0
6311-UEUME,0.44276863,0.51,0,1
2977-CEBSX,0.0017268487,0.01,0,0
0983-TATYJ,0.015055352,0.05,0,0
6664-FPDAC,0.15466945,0.28,0,0
5419-KLXBN,0.35404006,0.33,0,0
0840-DFEZH,0.79843676,0.78,1,1
7909-FIOIY,0.18421441,0.16,0,0
1972-XMUWV,0.0035907642,0.06,0,0
0970-ETWGE,0.7614069,0.67,1,1
4713-LZDRV,0.8298691,0.82,1,1
4800-CZMPC,0.10365391,0.18,0,0
8709-KRDVL,0.6857798,0.71,1,1
0057-QBUQH,0.014782103,0.02,0,0
2482-CZGBB,0.4479951,0.48,0,0
3594-UVONA,0.076284096,0.09,0,0
5702-KVQRD,0.0055525308,0.04,0,0
2034-GDRCN,0.84110385,0.85,1,1
7254-IQWOZ,0.9605996,0.91,1,1
1273-MTETI,0.9414587,0.83,1,1
1335-NTIUC,0.22057824,0.43,0,0
5949-HGVJL,0.12873559,0.14,0,0
3481-JHUZH,0.34512964,0.38,0,0
5301-GAUUY,0.38736925,0.3,0,0
2782-LFZVW,0.27939802,0.36,0,0
1744-JHKYS,0.016285686,0.04,0,0
2800-QQUSO,0.88078725,0.6,1,1
3429-IFLEM,0.0010769115,0.02,0,0
6848-HJTXY,0.0012033868,0.0,0,0
2525-GVKQU,0.008535824,0.07,0,0
4981-FLTMF,0.015480456,0.06,0,0
9163-GHAYE,0.31940705,0.12,0,0
3908-BLSYF,0.72172195,0.58,1,1
1110-KYLGQ,0.058222245,0.06,0,0
1379-FRVEB,0.7466145,0.6,1,1
1536-HBSWP,0.5194567,0.5,1,0
2700-LUEVA,0.23317441,0.1,0,0
3992-YWPKO,0.7568061,0.6,1,1
4636-QRJKY,0.9108424,0.6,1,1
5803-NQJZO,0.00056622096,0.03,0,0
6230-BSUXY,0.97812176,0.85,1,1
9133-AYJZG,0.8855986,0.57,1,1
3301-VKTGC,0.08199522,0.15,0,0
2260-USTRB,0.42448482,0.63,0,1
1980-KXVPM,0.84126025,0.67,1,1
8165-ZJRNM,8.279057e-05,0.0,0,0
0004-TLHLJ,0.6081574,0.57,1,1
1465-LNTLJ,0.055693947,0.24,0,0
4840-ORQXB,0.24428408,0.19,0,0
8970-ANWXO,0.025934009,0.13,0,0
4415-IJZTP,0.87840325,0.83,1,1
2055-BFOCC,0.021831855,0.09,0,0
4660-IRIBM,0.3599611,0.32,0,0
2684-EIWEO,0.1898376,0.13,0,0
6950-TWMYB,0.011628401,0.1,0,0
8380-PEFPE,0.7597381,0.85,1,1
9787-XVQIU,0.88186383,0.88,1,1
5236-PERKL,0.10287244,0.2,0,0
2625-TRCZQ,0.3349877,0.27,0,0
7599-FKVXZ,0.5902965,0.47,1,0
1568-BEKZM,0.025054852,0.02,0,0
2294-DMMUS,0.0064341268,0.28,0,0
3237-AJGEH,0.29532537,0.27,0,0
3756-VNWDH,0.09018183,0.17,0,0
7515-LODFU,0.0006889895,0.0,0,0
8949-JTMAY,0.85572666,0.37,1,0
1035-IPQPU,0.16320986,0.32,0,0
3724-BSCVH,0.005735163,0.04,0,0
0778-NELLA,0.25584877,0.23,0,0
8570-KLJYJ,0.0058588777,0.04,0,0
5035-BVCXS,0.42214864,0.43,0,0
4137-JOPHL,0.0021108587,0.1,0,0
6376-GAHQE,0.7682207,0.61,1,1
0580-PIQHM,0.08212918,0.14,0,0
8806-EAGWC,0.53304654,0.41,1,0
4213-HKBJO,0.14832094,0.11,0,0
0023-UYUPN,0.03637597,0.05,0,0
3022-BEXHZ,0.13463494,0.14,0,0
2017-CCBLH,0.0151278,0.04,0,0
5498-IBWPI,0.0046446556,0.17,0,0
1809-DMJHQ,0.32073846,0.35,0,0
8735-SDUFN,0.00012316793,0.0,0,0
0665-XHDJU,0.11824659,0.11,0,0
8782-NUUOL,0.00428976,0.11,0,0
4785-QRJHC,0.069202825,0.12,0,0
6682-QJDGB,0.13065748,0.05,0,0
3181-MIZBN,0.5887524,0.1,1,0
6051-PTVNS,0.0012131978,0.01,0,0
3655-SNQYZ,0.025105096,0.05,0,0
5442-BHQNG,0.7107399,0.81,1,1
9420-LOJKX,0.92744946,0.47,1,0
6429-SHBCB,0.09215725,0.18,0,0
9755-JHNMN,0.011562742,0.02,0,0
3627-FHKBK,0.5839405,0.58,1,1
4323-OHFOW,0.15496513,0.14,0,0
0709-TVGUR,0.5070057,0.63,1,1
5032-MIYKT,0.75663626,0.83,1,1
2061-VVFST,0.012877178,0.19,0,0
4003-OCTMP,0.045477264,0.11,0,0
3197-ARFOY,0.44192976,0.45,0,0
6473-ULUHT,0.056389224,0.18,0,0
2550-AEVRU,0.041491553,0.06,0,0
2369-FEVNO,0.8017201,0.36,1,0
1697-NVVGY,0.13550825,0.14,0,0
4018-PPNDW,0.0001215551,0.01,0,0
8059-UDZFY,0.18872677,0.29,0,0
2233-TXSIU,0.03262452,0.07,0,0
9633-DENPU,0.2540676,0.15,0,0
9565-JSNFM,0.03928525,0.17,0,0
4012-YCFAI,0.0007108207,0.01,0,0
4634-JLRJT,0.45263362,0.38,0,0
8644-XLFBW,0.63161767,0.81,1,1
2843-CQMEG,0.08302206,0.19,0,0
7130-VTEWQ,0.5931703,0.68,1,1
7952-OBOYL,0.72200257,0.68,1,1
4237-CLSMM,0.12688935,0.07,0,0
2592-HODOV,0.0010993634,0.0,0,0
5671-RQRLP,0.27619883,0.2,0,0
5442-UTCVD,0.6329676,0.63,1,1
1038-RQOST,0.0077181547,0.0,0,0
8849-AYPTR,0.2514809,0.28,0,0
7901-TBKJX,0.82876,0.73,1,1
8401-EMUWF,0.07443556,0.08,0,0
1104-FEJAM,0.027211074,0.15,0,0
6096-EGVTU,0.0032020253,0.02,0,0
7516-GMHUV,0.023112573,0.33,0,0
4211-MMAZN,0.16925785,0.22,0,0
3729-OWRVL,0.6514366,0.29,1,0
1855-CFULU,0.2972385,0.16,0,0
0263-FJTQO,0.0015280298,0.06,0,0
7181-OQCUT,0.7793082,0.31,1,0
3530-VWVGU,0.10328536,0.01,0,0
4625-LAMOB,0.00026014206,0.0,0,0
4973-RLZVI,0.21018724,0.25,0,0
8292-ITGYJ,0.0008394191,0.0,0,0
7218-HKQFK,0.8079435,0.63,1,1
9640-ZSLDC,0.04861761,0.03,0,0
0516-OOHAR,0.094135486,0.2,0,0
6729-GDNGC,0.1457064,0.32,0,0
9277-JOOMO,0.03823866,0.03,0,0
6698-OXETB,0.0013761806,0.01,0,0
1122-YJBCS,0.025708208,0.13,0,0
3538-WZPHD,0.54049605,0.42,1,0
9107-UKCKY,0.10986179,0.13,0,0
1776-SPBWV,0.004883751,0.02,0,0
8590-YFFQO,0.014032658,0.02,0,0
5373-SFODM,0.80896187,0.59,1,1
3577-AMVUX,0.8894819,0.52,1,1
4735-ASGMA,0.71837246,0.71,1,1
3995-WFCSM,0.507858,0.59,1,1
1702-CCFNJ,0.028012473,0.03,0,0
9114-AAFQH,0.10634117,0.14,0,0
0432-CAJZV,0.45410475,0.61,0,1
4501-UYKBC,0.0638706,0.14,0,0
2309-OSFEU,0.5513359,0.35,1,0
0841-NULXI,0.9530475,0.86,1,1
2171-UDMFD,0.022366371,0.02,0,0
6023-YEBUP,0.9760659,0.91,1,1
7184-LRUUR,0.17367072,0.07,0,0
3519-ZKXGG,0.67444974,0.73,1,1
1867-BDVFH,0.68951464,0.59,1,1
9465-RWMXL,0.7438987,0.37,1,0
4088-YLDSU,0.2416686,0.29,0,0
4248-QPAVC,0.35188383,0.49,0,0
3466-WAESX,0.18969029,0.18,0,0
3442-ZHHCC,0.06727013,0.22,0,0
2150-OEGBV,0.008819113,0.01,0,0
7295-JOMMD,0.87354547,0.63,1,1
3967-KXAPS,0.0006365761,0.0,0,0
5228-EXCET,0.5646254,0.51,1,1
7384-GHBPI,0.8379795,0.58,1,1
0377-JBKKT,0.2027181,0.05,0,0
8129-GMVGI,0.0045355866,0.0,0,0
0513-RBGPE,0.0053303745,0.01,0,0
6551-ZCOTS,0.003418947,0.05,0,0
5144-TVGLP,0.20434105,0.53,0,1
0023-XUOPT,0.3863032,0.39,0,0
5917-HBSDW,0.06357922,0.05,0,0
0866-QLSIR,0.057553526,0.03,0,0
0581-MDMPW,0.39308646,0.22,0,0
2959-MJHIC,0.6256436,0.79,1,1
4402-FTBXC,0.02154774,0.19,0,0
6823-SIDFQ,0.0025259736,0.0,0,0
5590-YRFJT,0.121084414,0.41,0,0
9531-NSBMR,0.0036983485,0.0,0,0
0488-GSLFR,0.96373546,0.9,1,1
2612-PHGOX,0.0041486504,0.04,0,0
2796-UUZZO,0.01715535,0.13,0,0
0265-PSUAE,0.28822362,0.37,0,0
1709-EJDOX,0.008419468,0.0,0,0
6741-EGCBI,0.17544666,0.39,0,0
5067-XJQFU,0.21492687,0.23,0,0
2995-UPRYS,0.056570906,0.24,0,0
5014-WUQMG,0.025886092,0.05,0,0
5348-CAGXB,0.825776,0.66,1,1
7717-BICXI,0.00269996,0.0,0,0
5701-GUXDC,0.094335996,0.09,0,0
7964-ZRKKG,0.13936079,0.23,0,0
6137-NICCO,0.89681286,0.47,1,0
5245-VDBUR,0.0024036202,0.07,0,0
3780-YVMFA,0.6516508,0.37,1,0
9495-SKLKD,0.359237,0.36,0,0
1069-XAIEM,0.99336064,0.99,1,1
3594-IVHJZ,0.024644177,0.03,0,0
4706-DGAHW,0.5443049,0.55,1,1
0684-AOSIH,0.5187903,0.67,1,1
3173-NVMPX,0.16362141,0.16,0,0
7124-UGSUR,0.10710383,0.16,0,0
6434-TTGJP,0.0010585806,0.09,0,0
9079-LWTFD,0.10241755,0.12,0,0
6746-WAUWT,0.06084429,0.0,0,0
7919-ZODZZ,0.430697,0.21,0,0
9313-CDOGY,0.017479338,0.08,0,0
9070-BCKQP,0.002171242,0.07,0,0
6164-HXUGH,0.29359716,0.07,0,0
7037-MTYVW,0.004838145,0.08,0,0
9227-LUNBG,0.21670899,0.52,0,1
1658-TJVOA,0.74641144,0.52,1,1
9940-RHLFB,0.79901177,0.48,1,0
0725-CXOTM,0.01809697,0.05,0,0
9574-BOSMD,0.0012035937,0.0,0,0
9430-NKQLY,0.00011909624,0.03,0,0
6968-URWQU,0.09144824,0.11,0,0
3030-YDNRM,0.5908592,0.72,1,1
4301-VVZKA,0.513824,0.59,1,1
9052-DHNKM,0.027486052,0.11,0,0
2748-MYRVK,0.014600817,0.15,0,0
2954-PIBKO,0.0014767254,0.04,0,0
6397-JNZZG,0.35796347,0.15,0,0
7853-WNZSY,0.26453245,0.15,0,0
7445-WMRBW,0.019297864,0.08,0,0
0121-SNYRK,0.0021413432,0.04,0,0
5442-PPTJY,0.0012836631,0.01,0,0
6872-HXFNF,0.0006168563,0.03,0,0
7503-MIOGA,0.0010632089,0.01,0,0
2959-FENLU,0.8187639,0.61,1,1
6242-SGYTS,0.032835644,0.05,0,0
6445-TNRXS,0.010049807,0.06,0,0
2990-IAJSV,0.0003122557,0.0,0,0
1090-ESELR,0.0052572847,0.05,0,0
6030-REHUX,0.67248225,0.48,1,0
9544-PYPSJ,0.11910645,0.26,0,0
9025-ZRPVR,0.0047536995,0.12,0,0
5569-KGJHX,0.78381526,0.49,1,0
7839-QRKXN,0.7190186,0.48,1,0
3365-SAIGS,0.26389086,0.51,0,1
8445-DNBAE,0.2385085,0.54,0,1
7779-LGOVN,0.69491595,0.87,1,1
1958-RNRKS,0.06618672,0.15,0,0
9128-CPXKI,0.044221077,0.15,0,0
7409-KIUTL,0.7932512,0.84,1,1
1097-FSPVW,0.36182564,0.09,0,0
9136-ALYBR,0.3583911,0.41,0,0
7502-BNYGS,0.09852289,0.16,0,0
4817-KEQSP,0.0003276927,0.01,0,0
7139-JZFVG,0.00920225,0.04,0,0
6625-FLENO,0.06570393,0.01,0,0
4612-THJBS,0.23556249,0.17,0,0
6047-YHPVI,0.46705368,0.58,0,1
6967-PEJLL,0.07556999,0.11,0,0
0257-KXZGU,0.065852016,0.05,0,0
8727-JQFHV,0.010230287,0.0,0,0
2805-EDJPQ,0.068577826,0.11,0,0
5092-STPKP,0.02958379,0.08,0,0
9897-KXHCM,0.7411469,0.6,1,1
1492-QGCLU,0.058426503,0.14,0,0
8455-HIRAQ,0.14241253,0.29,0,0
7181-BQYBV,0.9778696,0.66,1,1
3345-PBBFH,0.13088013,0.26,0,0
6258-NGCNG,0.17686507,0.12,0,0
3199-XGZCY,0.6554575,0.76,1,1
6681-ZSEXG,0.010520818,0.1,0,0
7606-BPHHN,0.000102039136,0.01,0,0
6023-GSSXW,0.0022115696,0.05,0,0
6507-ZJSUR,0.5989917,0.56,1,1
8752-STIVR,0.86420786,0.8,1,1
7733-UDMTP,0.29860598,0.23,0,0
7279-BUYWN,0.9177564,0.3,1,0
0886-QGENL,0.6131549,0.36,1,0
6766-HFKLA,0.075072914,0.06,0,0
2522-WLNSF,0.036217254,0.09,0,0
0576-WNXXC,0.3154288,0.64,0,1
0988-JRWWP,0.56612945,0.33,1,0
1936-UAFEH,0.030436037,0.11,0,0
2024-BASKD,0.8058928,0.81,1,1
3223-WZWJM,0.7544528,0.54,1,1
8695-ARGXZ,0.64303035,0.64,1,1
3721-CNEYS,0.5093536,0.63,1,1
3489-VSFRD,0.033301417,0.03,0,0
4524-QCSSM,0.37124085,0.13,0,0
1460-UZPRJ,0.0038596073,0.02,0,0
3870-MQAMG,0.064511426,0.15,0,0
2955-PSXOE,0.5619332,0.3,1,0
3540-RZJYU,0.26610425,0.52,0,1
7815-PDTHL,0.0012582941,0.0,0,0
5652-MSDEY,0.6708518,0.7,1,1
4873-ILOLJ,0.53574723,0.53,1,1
8272-ONJLV,0.7398463,0.42,1,0
2386-OWURY,0.07615901,0.35,0,0
2930-UOTMB,0.041682225,0.07,0,0
4514-GFCFI,0.31894493,0.72,0,1
6900-RBKER,0.03205067,0.12,0,0
1338-CECEE,0.021015473,0.08,0,0
7531-GQHME,0.07494556,0.05,0,0
1096-ADRUX,0.074185476,0.12,0,0
2041-JIJCI,0.5283875,0.44,1,0
9576-SYUHJ,0.11956605,0.42,0,0
9779-DPNEJ,0.5169274,0.4,1,0
4825-FUREZ,0.004601183,0.03,0,0
5846-QFDFI,0.28697118,0.22,0,0
6388-TABGU,0.0026073349,0.02,0,0
3422-LYEPQ,0.8443443,0.77,1,1
8409-WQJUX,0.0665732,0.07,0,0
9103-TCIHJ,0.22462784,0.21,0,0
4003-FUSHP,0.11591424,0.23,0,0
0810-BDHAW,0.008487767,0.1,0,0
3058-HJCUY,0.65823156,0.25,1,0
7279-NMVJC,0.03361442,0.07,0,0
2659-VXMWZ,0.07717672,0.07,0,0
4329-YPDDQ,0.17494456,0.38,0,0
3604-WLABM,0.5261404,0.22,1,0
5482-NUPNA,0.18882129,0.24,0,0
1894-IGFSG,0.55001247,0.49,1,0
1965-DDBWU,0.42688456,0.25,0,0
9308-ANMVE,0.13857423,0.07,0,0
2211-RMNHO,0.0038545197,0.02,0,0
7434-SHXLS,0.3763604,0.47,0,0
0743-HRVFF,0.03058019,0.1,0,0
3985-HOYPM,0.007770394,0.0,0,0
7803-XOCCZ,0.036164027,0.14,0,0
6374-AFWOX,0.0059245275,0.03,0,0
4526-ZJJTM,0.34393966,0.21,0,0
2498-XLDZR,0.0044358578,0.0,0,0
6797-LNAQX,0.022396972,0.08,0,0
3466-RITXD,0.54260695,0.3,1,0
6815-ABQFQ,0.26496452,0.26,0,0
7954-MLBUN,0.008420925,0.09,0,0
6194-HBGQN,0.008969969,0.09,0,0
4945-RVMTE,0.06406447,0.15,0,0
6013-BHCAW,0.006156927,0.03,0,0
3672-YITQD,0.8502758,0.57,1,1
2894-QOJRX,0.26239848,0.26,0,0
4537-CIBHB,0.10745988,0.08,0,0
6000-APYLU,0.35126993,0.61,0,1
2485-ITVKB,0.68660235,0.59,1,1
8785-CJSHH,0.4594323,0.43,0,0
1051-GEJLJ,0.02784982,0.15,0,0
8390-FESFV,0.0012599779,0.02,0,0
8601-QACRS,0.4777537,0.48,0,0
8338-QIUNR,0.00023397984,0.02,0,0
8620-RJPZN,0.22331552,0.2,0,0
4709-LKHYG,0.0041939034,0.02,0,0
2672-OJQZP,0.43139303,0.49,0,0
0486-LGCCH,0.00035895623,0.02,0,0
2405-LBMUW,0.0021435819,0.09,0,0
7379-POKDZ,0.47932163,0.62,0,1
7134-MJPDY,0.33627775,0.38,0,0
4178-EGMON,0.004486704,0.05,0,0
3768-VHXQO,0.0020683352,0.02,0,0
2091-RFFBA,0.35885495,0.47,0,0
2696-RZVZW,0.00094483915,0.0,0,0
3571-DPYUH,0.104251035,0.06,0,0
2293-IJWPS,0.17078261,0.25,0,0
2984-RGEYA,0.00550472,0.01,0,0
6508-NJYRO,0.00289149,0.02,0,0
1139-WUOAH,0.01068261,0.03,0,0
3605-JISKB,0.039551392,0.1,0,0
7873-CVMAW,0.00039147638,0.01,0,0
0761-AETCS,0.027070798,0.16,0,0
7398-LXGYX,0.19357152,0.21,0,0
5201-USSQZ,0.09709355,0.18,0,0
4584-LBNMK,0.020202627,0.03,0,0
3312-UUMZW,0.6106792,0.4,1,0
8080-DDEMJ,0.51489633,0.53,1,1
0876-WDUUZ,0.8314542,0.59,1,1
2263-SFSQZ,0.00074212585,0.0,0,0
6581-NQCBA,0.23650761,0.4,0,0
6773-LQTVT,0.49277145,0.2,0,0
0811-GSDTP,0.11278722,0.24,0,0
6854-EXGSF,0.12277674,0.23,0,0
0164-XAIRP,0.009009434,0.0,0,0
4016-BJKTZ,0.37850684,0.17,0,0
2805-AUFQN,0.05443458,0.04,0,0
5787-KXGIY,0.0002192996,0.01,0,0
1767-CJKBA,0.00048766183,0.0,0,0
1741-WTPON,0.006603693,0.05,0,0
6892-XPFPU,0.503032,0.5,1,0
0289-IVARM,0.10521792,0.14,0,0
8143-ETQTI,0.004479802,0.0,0,0
3585-ISXZP,0.76299983,0.77,1,1
3413-CSSTH,0.12535541,0.14,0,0
5103-MHMHY,0.518265,0.51,1,1
0868-VJRDR,0.01784467,0.14,0,0
2484-DGXPZ,0.005878053,0.07,0,0
9389-ACWBI,0.31163532,0.44,0,0
1729-VLAZJ,0.011427342,0.1,0,0
4154-AQUGT,0.39014512,0.43,0,0
6705-LXORM,0.44271052,0.35,0,0
3331-HQDTW,0.033675846,0.15,0,0
6366-XIVKZ,0.13826169,0.13,0,0
2967-MXRAV,0.046829835,0.11,0,0
0374-AACSZ,0.24864146,0.36,0,0
9069-LGEUL,0.04199592,0.23,0,0
5281-BUZGT,0.29465976,0.54,0,1
6861-XWTWQ,0.98703986,0.89,1,1
5442-BXVND,0.023704149,0.01,0,0
7912-SYRQT,0.8035864,0.67,1,1
5360-LJCNJ,0.05875204,0.22,0,0
2809-ZMYOQ,0.71226776,0.58,1,1
2480-EJWYP,0.23213744,0.27,0,0
1452-KIOVK,0.5164671,0.44,1,0
1866-DIOQZ,0.001736373,0.03,0,0
8496-EJAUI,0.40714607,0.31,0,0
5574-NXZIU,0.17283212,0.11,0,0
7851-FLGGQ,0.1711723,0.58,0,1
4636-TVXVG,0.002687547,0.01,0,0
4223-BKEOR,0.05942694,0.12,0,0
6728-CZFEI,0.07738907,0.11,0,0
9474-PHLYD,0.23553893,0.25,0,0
9508-ILZDG,0.789715,0.51,1,1
7602-DBTOU,0.0007291287,0.02,0,0
1094-BKOSX,0.08304207,0.11,0,0
5223-UZAVK,0.4021257,0.17,0,0
1346-PJWTK,0.023129556,0.17,0,0
2108-YKQTY,0.13715065,0.4,0,0
1385-TQOZW,0.028994493,0.1,0,0
8183-ONMXC,0.65205646,0.85,1,1
6999-CHVCF,0.03260093,0.08,0,0
6838-HVLXG,0.06880626,0.05,0,0
3229-USWAR,0.0546704,0.08,0,0
5453-YBTWV,0.007653534,0.0,0,0
1459-QNFQT,0.0020757003,0.01,0,0
4698-KVLLG,0.0041976073,0.0,0,0
6900-PXRMS,0.44146925,0.26,0,0
0689-DSXGL,0.039270047,0.06,0,0
4523-WXCEF,0.49417916,0.19,0,0
1910-FMXJM,0.55647576,0.41,1,0
1166-PQLGG,7.841942e-05,0.0,0,0
0529-ONKER,0.43431786,0.49,0,0
8053-WWDRO,0.013946744,0.21,0,0
3023-GFLBR,0.3471874,0.26,0,0
6769-DYBQN,0.6466518,0.33,1,0
2178-PMGCJ,0.552235,0.24,1,0
5133-POWUA,0.7449974,0.48,1,0
2770-NSVDG,0.2418362,0.35,0,0
9184-GALIL,0.0027352117,0.03,0,0
0022-TCJCI,0.0064952015,0.09,0,0
4647-MUZON,0.19897883,0.36,0,0
8345-MVDYC,0.0014274829,0.03,0,0
3913-FCUUW,0.0011942198,0.04,0,0
4640-UHDOS,0.5928142,0.28,1,0
1942-OQFRW,0.35157743,0.52,0,1
5324-KTGCG,0.011985304,0.04,0,0
2971-SGAFL,0.11807274,0.32,0,0
5832-EXGTT,0.04826353,0.11,0,0
3354-OADJP,0.12027287,0.19,0,0
5155-AZQPB,0.012474906,0.11,0,0
5445-PZWGX,0.030284232,0.09,0,0
2692-PFYTJ,0.083558984,0.2,0,0
7926-IJOOU,0.019401722,0.06,0,0
3524-WQDSG,0.54423654,0.22,1,0
2378-VTKDH,0.20019883,0.53,0,1
7876-DNYAP,0.00034986343,0.0,0,0
4648-YPBTM,0.0013813272,0.0,0,0
6919-ELBGL,0.0023950075,0.06,0,0
1895-QTKDO,0.31183207,0.46,0,0
9972-VAFJJ,0.053561997,0.15,0,0
7492-TAFJD,0.0068763066,0.18,0,0
4828-FAZPK,0.2553905,0.35,0,0
2694-CIUMO,0.43658158,0.43,0,0
5546-BYZSM,0.008932892,0.06,0,0
7251-XFOIL,0.012150015,0.16,0,0
5076-YVXCM,0.63257277,0.25,1,0
3932-CMDTD,0.5812001,0.36,1,0
3633-CDBUW,0.13205265,0.17,0,0
4940-KHCWD,0.0029199035,0.03,0,0
6227-HWPWX,0.25717056,0.27,0,0
0604-THJFP,0.0015683986,0.05,0,0
9824-BEMCV,0.55860186,0.53,1,1
4747-LCAQL,0.016196754,0.12,0,0
9094-AZPHK,0.9418075,0.8,1,1
3891-PUQOD,0.8667995,0.49,1,0
7471-MQPOS,0.032540772,0.3,0,0
5161-XEUVX,0.028633114,0.05,0,0
9214-EKVXR,0.54012126,0.44,1,0
5709-LVOEQ,0.0023022231,0.16,0,0
6418-PIQSP,0.0006846357,0.04,0,0
4115-NZRKS,0.5688098,0.61,1,1
6968-MHOMU,0.27996778,0.13,0,0
2388-LAESQ,0.0017451787,0.0,0,0
2169-RRLFW,0.00092874764,0.0,0,0
7579-OOPEC,0.1825051,0.32,0,0
5501-TVMGM,0.82070804,0.68,1,1
4693-VWVBO,0.027082203,0.29,0,0
9746-UGFAC,0.038764372,0.03,0,0
6184-DYUOB,0.047761194,0.1,0,0
4695-VADHF,0.32824513,0.27,0,0
5170-PTRKA,0.0012184115,0.09,0,0
4860-YZGZM,0.23820989,0.09,0,0
9378-FXTIZ,0.021970248,0.11,0,0
9248-OJYKK,0.97317094,0.97,1,1
8809-XKHMD,0.004950221,0.1,0,0
5173-ZXXXL,0.017142024,0.0,0,0
6733-LRIZX,0.03468497,0.19,0,0
3292-PBZEJ,0.9261078,0.68,1,1
6992-TKNYO,0.019676074,0.05,0,0
2877-VDUER,0.016311076,0.09,0,0
2919-HBCJO,0.74844676,0.56,1,1
9717-QEBGU,0.44243148,0.61,0,1
9822-WMWVG,0.6096943,0.35,1,0
9629-NHXFW,0.9026131,0.37,1,0
5016-IBERQ,0.33991823,0.28,0,0
2860-RANUS,0.4561783,0.55,0,1
2236-HILPA,0.00028230686,0.0,0,0
8930-XOTDP,0.28994507,0.2,0,0
8727-XDPUD,0.014855573,0.08,0,0
4190-MFLUW,0.4648952,0.23,0,0
6349-JDHQP,0.010690494,0.02,0,0
2129-ALKBS,0.056615144,0.01,0,0
8111-SLLHI,0.88418895,0.7,1,1
9473-CBZOP,0.005074755,0.05,0,0
8938-UMKPI,0.47676048,0.31,0,0
7817-BOQPW,0.80829775,0.8,1,1
7838-LAZFO,0.05855506,0.09,0,0
1496-GGSUK,0.80215114,0.76,1,1
6856-RAURS,0.7431505,0.76,1,1
3642-BYHDO,0.00017228171,0.0,0,0
0295-PPHDO,0.93083256,0.9,1,1
6827-IEAUQ,0.0700514,0.07,0,0
9674-EHPPG,0.0049366923,0.02,0,0
8443-ZRDBZ,0.68958074,0.76,1,1
4813-HQMGZ,0.9390829,0.78,1,1
2279-AXJJK,0.24267295,0.14,0,0
1113-IUJYX,0.43873364,0.23,0,0
4672-FOTSD,0.32541227,0.28,0,0
9927-DSWDF,0.66693294,0.4,1,0
0164-APGRB,0.0026482653,0.03,0,0
0475-RIJEP,0.36281395,0.43,0,0
2987-BJXIK,0.00038544892,0.0,0,0
9851-KIELU,0.6609258,0.56,1,1
7876-BEUTG,0.08893443,0.3,0,0
7055-HNEOJ,0.44847116,0.39,0,0
6754-LZUKA,0.006479899,0.08,0,0
5327-XOKKY,0.027889093,0.14,0,0
8909-BOLNL,0.07044499,0.07,0,0
0689-NKYLF,0.73086536,0.59,1,1
5820-PTRYM,0.036080062,0.04,0,0
8173-RXAYP,0.0017437073,0.0,0,0
8582-KRHPJ,0.061428353,0.15,0,0
5364-XYIRR,0.7614721,0.47,1,0
7239-HZZCX,0.32187697,0.31,0,0
7359-WWYJV,0.001519852,0.0,0,0
5313-FPXWG,0.0038175627,0.02,0,0
7246-ZGQDF,0.537385,0.35,1,0
1976-AZZPJ,0.13237353,0.22,0,0
7928-VJYAB,0.6831128,0.53,1,1
4819-HJPIW,0.19308792,0.21,0,0
2012-NWRPA,0.9942333,0.9,1,1
0337-CNPZE,0.8936354,0.38,1,0
7408-OFWXJ,0.00078304694,0.0,0,0
9369-XFEHK,0.21102907,0.31,0,0
3133-PZNSR,0.0009491777,0.08,0,0
1205-WNWPJ,0.13890734,0.23,0,0
2311-QYMUQ,0.5327355,0.34,1,0
8606-CIQUL,0.003512997,0.03,0,0
5186-SAMNZ,0.96827745,0.7,1,1
3161-ONRWK,0.0027514962,0.06,0,0
5628-FCGYG,0.5975886,0.64,1,1
1085-LDWAM,0.00024095694,0.02,0,0
7647-GYYKX,0.0028511675,0.0,0,0
6169-PPETC,0.0011484803,0.0,0,0
9715-WZCLW,0.058521144,0.23,0,0
2043-WVTQJ,0.46344513,0.44,0,0
2478-EEWWM,0.8369081,0.32,1,0
9592-ERDKV,0.095967636,0.12,0,0
1077-HUUJM,0.77633065,0.59,1,1
2925-VDZHY,0.0005867321,0.0,0,0
1265-HVPZB,0.073376685,0.28,0,0
1559-DTODC,0.19703194,0.15,0,0
3930-ZGWVE,0.32187697,0.31,0,0
5025-GOOKI,0.04493024,0.06,0,0
4724-WXVWF,0.45324713,0.3,0,0
8258-GSTJK,0.89206326,0.83,1,1
6543-XRMYR,0.75539863,0.68,1,1
0682-USIXD,0.40329552,0.36,0,0
9412-ARGBX,0.021962946,0.12,0,0
4869-EPIUS,0.39657313,0.26,0,0
9073-ZZIAY,0.004403816,0.03,0,0
2338-BQEZT,0.081344284,0.13,0,0
3569-EDBPQ,0.5228696,0.43,1,0
1066-JKSGK,0.4570741,0.34,0,0
6504-VBLFL,0.030796265,0.09,0,0
5951-AOFIH,0.08870179,0.11,0,0
7593-JNWRU,0.12191261,0.32,0,0
0536-ACXIP,0.00314315,0.08,0,0
3090-QFUVD,0.08852573,0.07,0,0
9906-NHHVC,0.03921468,0.14,0,0
4489-SNOJF,0.2603143,0.09,0,0
7893-IXHRQ,0.36114636,0.21,0,0
1848-LBZHY,0.16509889,0.23,0,0
6257-RJOHI,0.45000538,0.3,0,0
0463-TXOAK,0.037737716,0.07,0,0
4312-KFRXN,0.00032168117,0.0,0,0
5357-TZHPP,0.87626195,0.62,1,1
8495-PRWFH,0.26524538,0.26,0,0
4090-KPJIP,0.8247354,0.76,1,1
0461-CVKMU,0.19490509,0.3,0,0
6022-UGGSO,0.6705749,0.43,1,0
9500-LTVBP,0.6507114,0.56,1,1
0048-PIHNL,0.0019279593,0.1,0,0
9773-PEQBZ,0.6335344,0.65,1,1
3948-KXDUF,0.0010105801,0.0,0,0
5804-HYIEZ,0.16776875,0.15,0,0
9359-UGBTK,0.025873879,0.09,0,0
9795-SHUHB,0.0042063403,0.04,0,0
3597-YASZG,0.018883336,0.2,0,0
9752-ZNQUT,0.631636,0.46,1,0
1116-DXXDF,0.006632867,0.21,0,0
1842-EZJMK,0.20790328,0.2,0,0
7322-OCWHC,0.0017550496,0.06,0,0
6064-ZATLR,0.0057194876,0.04,0,0
1629-DQQVB,0.05908454,0.23,0,0
9367-TCUYN,0.28355318,0.07,0,0
3055-VTCGS,0.0041996427,0.03,0,0
4277-UDIEF,0.013827202,0.12,0,0
3115-CZMZD,0.0031552871,0.04,0,0
1600-DILPE,0.18702117,0.34,0,0
7764-BDPEE,0.07184052,0.03,0,0
4530-NDRKU,0.001178003,0.03,0,0
7337-CINUD,0.0003702182,0.02,0,0
6726-NNFWD,0.0016471728,0.06,0,0
0980-FEXWF,0.011118914,0.11,0,0
9019-QVLZD,0.97639173,0.89,1,1
3926-CUQZX,0.45612967,0.39,0,0
7690-KPNCU,0.05011009,0.12,0,0
7632-YUTXB,0.0025615469,0.0,0,0
8181-YHCMF,0.0008059082,0.01,0,0
3727-OWVYD,0.0537914,0.09,0,0
0749-IRGQE,0.41776058,0.6,0,1
2088-IEBAU,0.0037244007,0.06,0,0
